-- phpMyAdmin SQL Dump
-- version 4.7.9
-- https://www.phpmyadmin.net/
--
-- Host: 127.0.0.1
-- Generation Time: Dec 08, 2018 at 01:24 PM
-- Server version: 10.1.31-MariaDB
-- PHP Version: 7.1.15

SET SQL_MODE = "NO_AUTO_VALUE_ON_ZERO";
SET AUTOCOMMIT = 0;
START TRANSACTION;
SET time_zone = "+00:00";


/*!40101 SET @OLD_CHARACTER_SET_CLIENT=@@CHARACTER_SET_CLIENT */;
/*!40101 SET @OLD_CHARACTER_SET_RESULTS=@@CHARACTER_SET_RESULTS */;
/*!40101 SET @OLD_COLLATION_CONNECTION=@@COLLATION_CONNECTION */;
/*!40101 SET NAMES utf8mb4 */;

--
-- Database: `socialsite`
--

-- --------------------------------------------------------

--
-- Table structure for table `additional_info`
--

CREATE TABLE `additional_info` (
  `id` int(11) UNSIGNED NOT NULL,
  `user_id` int(11) UNSIGNED DEFAULT NULL,
  `about_us` longblob,
  `cover_image` varchar(191) CHARACTER SET utf8mb4 COLLATE utf8mb4_unicode_ci DEFAULT NULL,
  `facebook` varchar(191) CHARACTER SET utf8mb4 COLLATE utf8mb4_unicode_ci DEFAULT NULL,
  `instagram` varchar(191) CHARACTER SET utf8mb4 COLLATE utf8mb4_unicode_ci DEFAULT NULL,
  `linkdin` varchar(191) CHARACTER SET utf8mb4 COLLATE utf8mb4_unicode_ci DEFAULT NULL,
  `twitter` varchar(191) CHARACTER SET utf8mb4 COLLATE utf8mb4_unicode_ci DEFAULT NULL,
  `created_at` timestamp NULL DEFAULT NULL,
  `updated_at` timestamp NULL DEFAULT NULL,
  `deleted_at` timestamp NULL DEFAULT NULL
) ENGINE=InnoDB DEFAULT CHARSET=latin1;

--
-- Dumping data for table `additional_info`
--

INSERT INTO `additional_info` (`id`, `user_id`, `about_us`, `cover_image`, `facebook`, `instagram`, `linkdin`, `twitter`, `created_at`, `updated_at`, `deleted_at`) VALUES
(3, 9, 0x3c703e3c2f703e3c646976207374796c653d226d617267696e3a203070782032382e373936397078203070782031342e3339303670783b2070616464696e673a203070783b2077696474683a203433362e37393770783b20746578742d616c69676e3a206c6566743b20666c6f61743a2072696768743b20636f6c6f723a2072676228302c20302c2030293b20666f6e742d66616d696c793a2022206f70656e3d22222073616e73222c3d222220617269616c2c3d22222073616e732d73657269663b3d222220666f6e742d73697a653a3d222220313470783b3d222220666f6e742d7374796c653a3d2222206e6f726d616c3b3d222220666f6e742d76617269616e742d6c69676174757265733a3d222220666f6e742d76617269616e742d636170733a3d222220666f6e742d7765696768743a3d2222203430303b3d2222206c65747465722d73706163696e673a3d2222206f727068616e733a3d222220323b3d222220746578742d696e64656e743a3d2222203070783b3d222220746578742d7472616e73666f726d3a3d2222206e6f6e653b3d22222077686974652d73706163653a3d2222207769646f77733a3d222220776f72642d73706163696e673a3d2222202d7765626b69742d746578742d7374726f6b652d77696474683a3d2222206261636b67726f756e642d636f6c6f723a3d222220726762283235352c3d2222203235352c3d222220323535293b3d222220746578742d6465636f726174696f6e2d7374796c653a3d222220696e697469616c3b3d222220746578742d6465636f726174696f6e2d636f6c6f723a3d222220696e697469616c3b223d22223e3c2f6469763e3c703e3c2f703e3c646976207374796c653d226d617267696e3a203070782031342e333930367078203070782032382e3739363970783b2070616464696e673a203070783b2077696474683a203433362e37393770783b20746578742d616c69676e3a206c6566743b20666c6f61743a206c6566743b20636f6c6f723a2072676228302c20302c2030293b20666f6e742d66616d696c793a2022206f70656e3d22222073616e73222c3d222220617269616c2c3d22222073616e732d73657269663b3d222220666f6e742d73697a653a3d222220313470783b3d222220666f6e742d7374796c653a3d2222206e6f726d616c3b3d222220666f6e742d76617269616e742d6c69676174757265733a3d222220666f6e742d76617269616e742d636170733a3d222220666f6e742d7765696768743a3d2222203430303b3d2222206c65747465722d73706163696e673a3d2222206f727068616e733a3d222220323b3d222220746578742d696e64656e743a3d2222203070783b3d222220746578742d7472616e73666f726d3a3d2222206e6f6e653b3d22222077686974652d73706163653a3d2222207769646f77733a3d222220776f72642d73706163696e673a3d2222202d7765626b69742d746578742d7374726f6b652d77696474683a3d2222206261636b67726f756e642d636f6c6f723a3d222220726762283235352c3d2222203235352c3d222220323535293b3d222220746578742d6465636f726174696f6e2d7374796c653a3d222220696e697469616c3b3d222220746578742d6465636f726174696f6e2d636f6c6f723a3d222220696e697469616c3b223d22223e3c70207374796c653d226d617267696e3a203070782030707820313570783b2070616464696e673a203070783b20746578742d616c69676e3a206a7573746966793b223e3c7374726f6e67207374796c653d226d617267696e3a203070783b2070616464696e673a203070783b223e4c6f72656d20497073756d3c2f7374726f6e673e3c7370616e3ec2a03c2f7370616e3e69732073696d706c792064756d6d792074657874206f6620746865207072696e74696e6720616e64207479706573657474696e6720696e6475737472792e204c6f72656d20497073756d20686173206265656e2074686520696e6475737472792773207374616e646172642064756d6d79207465787420657665722073696e6365207468652031353030732c207768656e20616e20756e6b6e6f776e207072696e74657220746f6f6b20612067616c6c65793c2f703e3c2f6469763e, '5JcDuCB3FFdUBGAlskdHop7lD8Hpeir6DphD84Kx.jpeg', 'https://www.facebook.com/Stallyons/', 'https://www.instagram.com/accounts/login/', 'https://www.linkedin.com/uas/login', 'https://twitter.com/', '2018-11-14 06:11:42', '2018-11-28 02:20:44', NULL),
(4, 10, 0x3c683120636c6173733d225374617469634c6f676765644f7574486f6d65506167652d7369676e75705469746c6522207374796c653d22666f6e742d73697a653a20323770783b206d617267696e2d746f703a203070783b206d617267696e2d626f74746f6d3a203070783b20746578742d72656e646572696e673a206f7074696d697a656c65676962696c6974793b206c696e652d6865696768743a20333270783b20636f6c6f723a207267622832302c2032332c203236293b20666f6e742d66616d696c793a202671756f743b5365676f652055492671756f743b2c20417269616c2c2073616e732d73657269663b223e5365652077686174e28099732068617070656e696e6720696e2074686520776f726c64207269676874206e6f773c2f68313e, NULL, 'https://www.facebook.com/Stallyons/', 'https://www.facebook.com/Stallyons/', 'https://www.linkedin.com/uas/login', 'https://twitter.com/', '2018-11-14 06:12:54', '2018-11-17 02:23:36', NULL),
(5, 11, NULL, '1s1ndI79ZODY5PSOuIQ9eieAw1yRreR85ZywZVyA.jpeg', 'https://www.facebook.com/Stallyons/', NULL, NULL, NULL, '2018-11-17 04:48:12', '2018-11-29 04:33:32', NULL),
(7, 1, NULL, NULL, NULL, NULL, NULL, NULL, NULL, NULL, NULL),
(8, 13, 0x3c7461626c652077696474683d223930252220626f726465723d22302220616c69676e3d2263656e74657222207374796c653d22636f6c6f723a2072676228302c20302c2030293b20666f6e742d66616d696c793a202671756f743b54696d6573204e657720526f6d616e2671756f743b3b20666f6e742d73697a653a206d656469756d3b206261636b67726f756e642d636f6c6f723a20726762283233332c203234302c20323531293b223e3c74626f64793e3c74723e3c746420636c6173733d22686561643222207374796c653d22666f6e742d66616d696c793a20417269616c2c2048656c7665746963612c2073616e732d73657269663b20666f6e742d73697a653a20313670783b20666f6e742d7765696768743a20626f6c643b20636f6c6f723a207267622832312c2036312c20313139293b223e494e54524f44554354494f4e3c2f74643e3c2f74723e3c74723e3c74643e266e6273703b3c2f74643e3c2f74723e3c74723e3c74643e3c64697620616c69676e3d226a7573746966792220636c6173733d22626c75655f7465787422207374796c653d22666f6e742d66616d696c793a20417269616c2c2048656c7665746963612c2073616e732d73657269663b20666f6e742d73697a653a20313270783b20636f6c6f723a207267622834342c2035302c203937293b223e5041462077617320626f726e206f6e2031347468206f662041756775737420313934372c20776974682074686520696e646570656e64656e6365206f662050616b697374616e2e205468652067726f777468206f662050414620697320612073746f7279206f6620756e757375616c207374727567676c6520616e64207361637269666963652e20412074696e7920617578696c6961727920536572766963652c2077697468206120736d616c6c206e756d626572206f6620706572736f6e6e656c20616e6420696e7369676e69666963616e742065717569706d656e742c20656d657267696e67206173206120706f77657266756c20776561706f6e206f662074686520636f756e747279e280997320646566656e63652c20776173206120746872696c6c696e67207068656e6f6d656e6f6e2e205468652064656469636174696f6e206f66206974732070696f6e65657273207368617065642074686520667574757265206f66206120666f7263652c2064657374696e656420746f206761696e20726573706563742c2061667465722070726f76696e672069747320776f72746820696e207468652077617273206f66203139363520616e6420313937312c207768657265206974206f7574636c61737365642061206d756368206c617267657220656e656d792c20496e6469612e205468652073746f7279206f662050414620697320612074616c65206f6620646576656c6f706d656e742c2064657370697465206865617679206f64647320616e64206c696d69746174696f6e732e20497420697320746865206e6172726174696f6e206f662061206e6174696f6ee2809973206465736972652c20666f722070726573657276696e67206974732066726565646f6d2c207468726f7567682074686520757365206f6620746563686e6f6c6f677920616e642077696c6c706f7765722c20776f726b696e67207369646520627920736964652e266e6273703b3c2f6469763e3c2f74643e3c2f74723e3c2f74626f64793e3c2f7461626c653e, 'DxXcwWyvongddWu1UFV93DyIPG568RV86l4lWKxx.jpeg', NULL, NULL, NULL, NULL, '2018-12-01 03:16:25', '2018-12-06 00:31:12', NULL),
(9, 14, NULL, NULL, NULL, NULL, NULL, NULL, '2018-12-01 05:17:27', '2018-12-01 05:17:27', NULL),
(10, 15, 0x3c7461626c652077696474683d223930252220626f726465723d22302220616c69676e3d2263656e74657222207374796c653d22636f6c6f723a2072676228302c20302c2030293b20666f6e742d66616d696c793a202671756f743b54696d6573204e657720526f6d616e2671756f743b3b20666f6e742d73697a653a206d656469756d3b206261636b67726f756e642d636f6c6f723a20726762283233332c203234302c20323531293b223e3c74626f64793e3c74723e3c746420636f6c7370616e3d2233223e3c7374726f6e6720636c6173733d22686561643222207374796c653d22666f6e742d66616d696c793a20417269616c2c2048656c7665746963612c2073616e732d73657269663b20666f6e742d73697a653a20313670783b20636f6c6f723a207267622832312c2036312c20313139293b223e494e44554354494f4e20494e2050414b495354414e2041495220464f5243453c2f7374726f6e673e3c2f74643e3c2f74723e3c74723e3c74642077696474683d2237313522206865696768743d223233223e3c64697620616c69676e3d2263656e7465722220636c6173733d2268656164696e673122207374796c653d22666f6e742d66616d696c793a20417269616c2c2048656c7665746963612c2073616e732d73657269663b20666f6e742d73697a653a20313470783b20666f6e742d7765696768743a20626f6c6465723b20636f6c6f723a207267622834332c2035372c20313038293b223e3c2f6469763e3c2f74643e3c74642077696474683d2232372220726f777370616e3d2232223e266e6273703b3c2f74643e3c74642077696474683d223233392220726f777370616e3d2232222076616c69676e3d22746f70223e3c2f74643e3c2f74723e3c74723e3c7464206865696768743d22353732222076616c69676e3d22746f70223e3c7461626c652077696474683d22313030252220626f726465723d2230223e3c74626f64793e3c74723e3c7464206865696768743d2232362220636f6c7370616e3d22342220616c69676e3d226c656674222076616c69676e3d22746f70223e3c64697620616c69676e3d226c656674223e3c7370616e20636c6173733d2268656164696e673122207374796c653d22666f6e742d66616d696c793a20417269616c2c2048656c7665746963612c2073616e732d73657269663b20666f6e742d73697a653a20313470783b20666f6e742d7765696768743a20626f6c6465723b20636f6c6f723a207267622834332c2035372c20313038293b223e415320414e204149524d454e3c2f7370616e3e3c2f6469763e3c2f74643e3c74643e266e6273703b3c2f74643e3c2f74723e3c74723e3c7464206865696768743d2234372220636f6c7370616e3d22342220616c69676e3d226c656674222076616c69676e3d22746f70223e3c7020616c69676e3d226a757374696679223e3c7370616e20636c6173733d22626c75655f7465787422207374796c653d22666f6e742d66616d696c793a20417269616c2c2048656c7665746963612c2073616e732d73657269663b20666f6e742d73697a653a20313270783b20636f6c6f723a207267622834342c2035302c203937293b223e5468697320697320616e20657261206f66207265766f6c7574696f6e7320696e2074686520736369656e746966696320776f726c642e20546865207761722068617320616476616e6365642066726f6d206f6e652d746f2d6f6e65206669676874696e6720746f206e75636c65617220616e6420696e74657220636f6e74696e656e74616c206d697373696c652073797374656d20616e642072656d6f746520636f6e74726f6c20776561706f6e732c2077697468206d696e696d756d207265616374696f6e2074696d652e3c2f7370616e3e3c2f703e3c7020616c69676e3d226a757374696679223e3c7370616e20636c6173733d22626c75655f7465787422207374796c653d22666f6e742d66616d696c793a20417269616c2c2048656c7665746963612c2073616e732d73657269663b20666f6e742d73697a653a20313270783b20636f6c6f723a207267622834342c2035302c203937293b223e41732050616b697374616e2068617320737472656e677468656e6564206974732041726d7920616e64204e6176793b2069742068617320616c736f2070726f7669646564206974732041697220666f7263652077697468206c6174657374206169726372616674206c696b6520412d352c20462d372c204d69726167652c20462d313620616e64204a462d31372e204d6f72656f76657220636f6e74696e756f7573206566666f72747320617265206265696e67206d61646520666f72207468652070726f637572656d656e74206f6620746865206c61746573742061697263726166742e205468652061696d206973206e6f74206f6e6c7920746f206d616b6520757365206f6620746865206c6174657374206d696c697461727920746563686e6f6c6f67792062757420746f20666f726d756c61746520616e20656666656374697665207761722073747261746567792e20546865206f626a65637469766520697320616c736f20746f20747261696e20746563686e6963616c206d616e706f7765722c2077686963682069732063617061626c6520656e6f75676820746f206578706c6f69742066756c6c20706f74656e7469616c206f662074686520617661696c61626c6520746563686e6f6c6f67792e3c2f7370616e3e3c2f703e3c2f74643e3c2f74723e3c2f74626f64793e3c2f7461626c653e3c2f74643e3c2f74723e3c2f74626f64793e3c2f7461626c653e, NULL, NULL, NULL, NULL, NULL, '2018-12-01 05:22:41', '2018-12-05 09:42:28', NULL),
(11, 16, 0x3c6833207374796c653d226d617267696e3a20323070782030707820313070783b2070616464696e673a203070783b20666f6e742d66616d696c793a20224f70656e2053616e73222c204c61746f2c2073616e732d73657269663b206c696e652d6865696768743a2034332e3270783b20636f6c6f723a207267622839362c2039362c203936293b20666f6e742d73697a653a20323470783b20666f6e742d76617269616e742d6e756d657269633a206e6f726d616c3b20666f6e742d76617269616e742d656173742d617369616e3a206e6f726d616c3b206261636b67726f756e642d636f6c6f723a2072676261283233372c203233372c203233372c20302e35293b223e446566656e636520536f6c7574696f6e3c2f68333e3c7020636c6173733d22746578742d6a75737469667922207374796c653d2270616464696e673a203070783b206f75746c696e653a203070783b20666f6e742d73697a653a2031342e3470783b20636f6c6f723a20626c61636b3b206c696e652d6865696768743a2032352e393270783b20666f6e742d76617269616e742d6e756d657269633a206e6f726d616c3b20666f6e742d76617269616e742d656173742d617369616e3a206e6f726d616c3b20666f6e742d66616d696c793a20224f70656e2053616e73222c204c61746f2c2073616e732d73657269663b206261636b67726f756e642d636f6c6f723a2072676261283233372c203233372c203233372c20302e35293b223e447572696e672074686520636f6c6f6e69616c2072756c652c207369787465656e206f72646e616e636520666163746f7269657320776572652065737461626c697368656420696e20746865207375622d636f6e74696e656e742e20416674657220746865206372656174696f6e206f662050616b697374616e20696e20313934372c20616c6c2074686f7365207369787465656e20666163746f726965732066656c6c20746f20496e6469616e2073686172652073696e6365206e6f6e65206f66207468656d20776173206c6f636174656420696e2074686520617265617320666f726d696e672050616b697374616e2e20546875732c206e65776c792d637265617465642050616b697374616e20656d6572676564207769746820612066726167696c652073746174652061707061726174757320616e6420727564696d656e746172792041726d656420466f726365732077697468206e6f20696e66726173747275637475726520666f722061726d732c2065717569706d656e74206f7220616d6d756e6974696f6e206d616e75666163747572696e6720666163696c6974792c20746f206d65657420746865207365637572697479206368616c6c656e6765732e20446566656e63652050726f64756374696f6e206163746976697469657320696e2050616b697374616e207374617274656420696e20313935312077697468207468652065737461626c6973686d656e74206f662050616b697374616e204f72646e616e636520466163746f726965732028504f4629206174205761682c20776974682074686520636f2d6f7065726174696f6e206f66204272697469736820526f79616c204f72646e616e63652e3c2f703e, NULL, NULL, NULL, NULL, NULL, '2018-12-01 05:41:20', '2018-12-06 03:45:27', NULL);

-- --------------------------------------------------------

--
-- Table structure for table `chatter_categories`
--

CREATE TABLE `chatter_categories` (
  `id` int(10) UNSIGNED NOT NULL,
  `parent_id` int(10) UNSIGNED DEFAULT NULL,
  `order` int(11) NOT NULL DEFAULT '1',
  `name` varchar(191) COLLATE utf8mb4_unicode_ci NOT NULL,
  `color` varchar(20) COLLATE utf8mb4_unicode_ci NOT NULL,
  `slug` varchar(191) COLLATE utf8mb4_unicode_ci NOT NULL,
  `created_at` timestamp NULL DEFAULT NULL,
  `updated_at` timestamp NULL DEFAULT NULL
) ENGINE=InnoDB DEFAULT CHARSET=utf8mb4 COLLATE=utf8mb4_unicode_ci;

--
-- Dumping data for table `chatter_categories`
--

INSERT INTO `chatter_categories` (`id`, `parent_id`, `order`, `name`, `color`, `slug`, `created_at`, `updated_at`) VALUES
(1, NULL, 1, 'Introductions', '#3498DB', 'introductions', NULL, NULL),
(2, NULL, 2, 'General', '#2ECC71', 'general', NULL, NULL),
(3, NULL, 3, 'Feedback', '#9B59B6', 'feedback', NULL, NULL),
(4, NULL, 4, 'Random', '#E67E22', 'random', NULL, NULL),
(5, 1, 1, 'Rules', '#227ab5', 'rules', NULL, NULL),
(6, 5, 1, 'Basics', '#195a86', 'basics', NULL, NULL),
(7, 5, 2, 'Contribution', '#195a86', 'contribution', NULL, NULL),
(8, 1, 2, 'About', '#227ab5', 'about', NULL, NULL);

-- --------------------------------------------------------

--
-- Table structure for table `chatter_discussion`
--

CREATE TABLE `chatter_discussion` (
  `id` int(10) UNSIGNED NOT NULL,
  `chatter_category_id` int(10) UNSIGNED NOT NULL DEFAULT '1',
  `title` varchar(191) COLLATE utf8mb4_unicode_ci NOT NULL,
  `user_id` int(10) UNSIGNED NOT NULL,
  `sticky` tinyint(1) NOT NULL DEFAULT '0',
  `views` int(10) UNSIGNED NOT NULL DEFAULT '0',
  `answered` tinyint(1) NOT NULL DEFAULT '0',
  `created_at` timestamp NULL DEFAULT NULL,
  `updated_at` timestamp NULL DEFAULT NULL,
  `slug` varchar(191) COLLATE utf8mb4_unicode_ci NOT NULL,
  `color` varchar(20) COLLATE utf8mb4_unicode_ci DEFAULT '#232629',
  `deleted_at` timestamp NULL DEFAULT NULL,
  `last_reply_at` timestamp NOT NULL DEFAULT CURRENT_TIMESTAMP
) ENGINE=InnoDB DEFAULT CHARSET=utf8mb4 COLLATE=utf8mb4_unicode_ci;

--
-- Dumping data for table `chatter_discussion`
--

INSERT INTO `chatter_discussion` (`id`, `chatter_category_id`, `title`, `user_id`, `sticky`, `views`, `answered`, `created_at`, `updated_at`, `slug`, `color`, `deleted_at`, `last_reply_at`) VALUES
(8, 4, 'Just a random post', 1, 0, 3, 0, '2016-08-18 09:46:38', '2018-11-29 03:57:07', 'just-a-random-post', '', NULL, '2018-11-28 14:02:57'),
(9, 2, 'Welcome to the Chatter Laravel Forum Package', 1, 0, 2, 0, '2016-08-18 09:59:37', '2018-11-29 03:59:43', 'welcome-to-the-chatter-laravel-forum-package', '', NULL, '2018-11-28 14:02:57'),
(10, 2, 'JF 17 thunder block#3', 1, 0, 28, 0, '2018-11-29 03:21:52', '2018-11-29 03:56:02', 'jf-17-thunder-block3', NULL, NULL, '2018-11-29 03:53:46'),
(12, 8, 'Test Discussion', 11, 0, 5, 0, '2018-11-29 04:25:08', '2018-11-29 04:27:32', 'test-discussion', NULL, NULL, '2018-11-29 09:25:08'),
(13, 5, 'Union election', 11, 0, 4, 0, '2018-11-29 04:29:03', '2018-11-29 04:39:05', 'union-election', '#af092e', NULL, '2018-11-29 09:29:03');

-- --------------------------------------------------------

--
-- Table structure for table `chatter_post`
--

CREATE TABLE `chatter_post` (
  `id` int(10) UNSIGNED NOT NULL,
  `chatter_discussion_id` int(10) UNSIGNED NOT NULL,
  `user_id` int(10) UNSIGNED NOT NULL,
  `body` text COLLATE utf8mb4_unicode_ci NOT NULL,
  `created_at` timestamp NULL DEFAULT NULL,
  `updated_at` timestamp NULL DEFAULT NULL,
  `markdown` tinyint(1) NOT NULL DEFAULT '0',
  `locked` tinyint(1) NOT NULL DEFAULT '0',
  `deleted_at` timestamp NULL DEFAULT NULL
) ENGINE=InnoDB DEFAULT CHARSET=utf8mb4 COLLATE=utf8mb4_unicode_ci;

--
-- Dumping data for table `chatter_post`
--

INSERT INTO `chatter_post` (`id`, `chatter_discussion_id`, `user_id`, `body`, `created_at`, `updated_at`, `markdown`, `locked`, `deleted_at`) VALUES
(7, 8, 1, '<p>This is just a random post to show you some of the formatting that you can do in the WYSIWYG editor. You can make your text <strong>bold</strong>, <em>italic</em>, or <span style=\"text-decoration: underline;\">underlined</span>.</p>\n        <p style=\"text-align: center;\">Additionally, you can center align text.</p>\n        <p style=\"text-align: right;\">You can align the text to the right!</p>\n        <p>Or by default it will be aligned to the left.</p>\n        <ul>\n        <li>We can also</li>\n        <li>add a bulleted</li>\n        <li>list</li>\n        </ul>\n        <ol>\n        <li><span style=\"line-height: 1.6;\">or we can</span></li>\n        <li><span style=\"line-height: 1.6;\">add a numbered list</span></li>\n        </ol>\n        <p style=\"padding-left: 30px;\"><span style=\"line-height: 1.6;\">We can choose to indent our text</span></p>\n        <p><span style=\"line-height: 1.6;\">Post links: <a href=\"https://devdojo.com\" target=\"_blank\">https://devdojo.com</a></span></p>\n        <p><span style=\"line-height: 1.6;\">and add images:</span></p>\n        <p><span style=\"line-height: 1.6;\"><img src=\"https://media.giphy.com/media/o0vwzuFwCGAFO/giphy.gif\" alt=\"\" width=\"300\" height=\"300\" /></span></p>', '2016-08-18 09:46:38', '2016-08-18 09:46:38', 0, 0, NULL),
(8, 8, 1, '<p>Haha :) Cats!</p>\n        <p><img src=\"https://media.giphy.com/media/5Vy3WpDbXXMze/giphy.gif\" alt=\"\" width=\"250\" height=\"141\" /></p>\n        <p><img src=\"https://media.giphy.com/media/XNdoIMwndQfqE/200.gif\" alt=\"\" width=\"200\" height=\"200\" /></p>', '2016-08-18 09:55:42', '2016-08-18 10:45:13', 0, 0, NULL),
(9, 9, 1, '<p>Hey There!</p>\n        <p>My name is Tony and I\'m the creator of this package that you\'ve just installed. Thanks for checking out it out and if you have any questions or want to contribute be sure to checkout the repo here: <a href=\"https://github.com/thedevdojo/chatter\" target=\"_blank\">https://github.com/thedevdojo/chatter</a></p>\n        <p>Happy programming!</p>', '2016-08-18 09:59:37', '2016-08-18 09:59:37', 0, 0, NULL),
(10, 9, 1, '<p>Hell yeah Bro Sauce!</p>\n        <p><img src=\"https://media.giphy.com/media/j5QcmXoFWl4Q0/giphy.gif\" alt=\"\" width=\"366\" height=\"229\" /></p>', '2016-08-18 10:01:25', '2016-08-18 10:01:25', 0, 0, NULL),
(11, 10, 1, '<p style=\"color:#222222;font-family:sans-serif;\"> </p>\r\n<p style=\"color:#222222;font-family:sans-serif;\">In November 2007, the PAF and PAC conducted flight evaluations of aircraft fitted with a variant of the NRIET KLJ-10 radar developed by China\'s Nanjing Research Institute for Electronic Technology (NRIET), and the LETRI <a title=\"SD-10 (missile)\" href=\"https://en.wikipedia.org/wiki/SD-10_(missile)\">SD-10</a> active radar homing AAM.</p>\r\n<p> </p>', '2018-11-29 03:21:53', '2018-11-29 03:56:02', 0, 0, NULL),
(13, 10, 11, '<p><span style=\"color:#222222;font-family:sans-serif;\"> it has been decided that production capacity of JF-17 Thunder at PAC Kamra</span></p>', '2018-11-29 03:53:46', '2018-11-29 03:54:04', 0, 0, '2018-11-29 03:54:04'),
(14, 12, 11, '<p>This is a test discussion in <a title=\"go to package\" href=\"https://github.com/thedevdojo/chatter\">Chatter</a> forum package</p>', '2018-11-29 04:25:08', '2018-11-29 04:27:00', 0, 0, NULL),
(15, 13, 11, '<p><span style=\"text-align:justify;color:#000000;font-family:\'Open Sans\', Arial, sans-serif;\">is simply dummy text of the printing and typesetting industry. Lorem Ipsum has been the industry\'s standard dummy text ever since the 1500s, when an unknown printer took a galley of type and scrambled it to make a type specimen book. It has survived not only five centuries, but also the leap into electronic typesetting, remaining essentially unchanged. It was popularised in the 1960s with the release of Letraset sheets containing Lorem Ipsum passages, and more recently with desktop publishing software like Aldus PageMaker including versions of Lorem Ipsum.</span></p>\r\n<p><span style=\"text-align:justify;color:#000000;font-family:\'Open Sans\', Arial, sans-serif;\"> </span></p>\r\n<div> </div>', '2018-11-29 04:29:03', '2018-11-29 04:39:05', 0, 0, NULL);

-- --------------------------------------------------------

--
-- Table structure for table `chatter_user_discussion`
--

CREATE TABLE `chatter_user_discussion` (
  `user_id` int(10) UNSIGNED NOT NULL,
  `discussion_id` int(10) UNSIGNED NOT NULL
) ENGINE=InnoDB DEFAULT CHARSET=utf8mb4 COLLATE=utf8mb4_unicode_ci;

--
-- Dumping data for table `chatter_user_discussion`
--

INSERT INTO `chatter_user_discussion` (`user_id`, `discussion_id`) VALUES
(1, 10),
(11, 12),
(11, 13);

-- --------------------------------------------------------

--
-- Table structure for table `events`
--

CREATE TABLE `events` (
  `id` int(11) UNSIGNED NOT NULL,
  `user_id` int(11) DEFAULT NULL,
  `title` varchar(191) CHARACTER SET utf8mb4 COLLATE utf8mb4_unicode_ci DEFAULT NULL,
  `allDay` tinyint(4) DEFAULT NULL,
  `start` date DEFAULT NULL,
  `end` date DEFAULT NULL,
  `parameters` longtext,
  `created_at` timestamp NULL DEFAULT NULL,
  `updated_at` timestamp NULL DEFAULT NULL
) ENGINE=InnoDB DEFAULT CHARSET=latin1;

--
-- Dumping data for table `events`
--

INSERT INTO `events` (`id`, `user_id`, `title`, `allDay`, `start`, `end`, `parameters`, `created_at`, `updated_at`) VALUES
(5, 9, 'Strikes', NULL, '2018-11-05', NULL, NULL, '2018-11-30 09:26:23', '2018-12-01 01:10:10'),
(6, 9, 'JF 17 thunder', NULL, '2018-11-15', NULL, NULL, '2018-11-30 09:30:39', '2018-12-01 01:15:43'),
(10, 10, 'Youm-e-shoudda', NULL, '2018-12-16', NULL, NULL, '2018-12-01 01:44:30', '2018-12-01 01:44:30'),
(11, 13, 'Deployment Day', NULL, '2018-12-03', NULL, NULL, '2018-12-03 00:35:39', '2018-12-03 00:35:53'),
(12, 9, 'Rangoli', NULL, '2018-12-05', NULL, NULL, '2018-12-04 09:02:37', '2018-12-04 09:08:29'),
(13, 9, 'Dance party', NULL, '2018-12-07', NULL, NULL, '2018-12-05 03:30:36', '2018-12-05 03:30:36'),
(14, 10, 'My new song', NULL, '2018-12-05', NULL, NULL, '2018-12-05 03:31:15', '2018-12-05 03:31:15'),
(15, 10, 'Party on night', NULL, '2018-12-09', NULL, NULL, '2018-12-05 03:31:44', '2018-12-05 03:31:44'),
(16, 13, 'Surgical strikes', NULL, '2018-12-06', NULL, NULL, '2018-12-05 03:32:53', '2018-12-05 03:32:53'),
(17, 14, 'Rock the party', NULL, '2018-12-07', NULL, NULL, '2018-12-05 03:33:34', '2018-12-05 03:33:34'),
(18, 14, 'Demo song', NULL, '2018-12-12', NULL, NULL, '2018-12-05 03:33:52', '2018-12-05 03:33:52');

-- --------------------------------------------------------

--
-- Table structure for table `follow`
--

CREATE TABLE `follow` (
  `id` int(11) UNSIGNED NOT NULL,
  `follower_id` int(11) UNSIGNED DEFAULT NULL,
  `followed_id` int(11) UNSIGNED DEFAULT NULL,
  `created_at` timestamp NOT NULL DEFAULT CURRENT_TIMESTAMP,
  `updated_at` timestamp NULL DEFAULT NULL ON UPDATE CURRENT_TIMESTAMP
) ENGINE=InnoDB DEFAULT CHARSET=latin1;

--
-- Dumping data for table `follow`
--

INSERT INTO `follow` (`id`, `follower_id`, `followed_id`, `created_at`, `updated_at`) VALUES
(44, 11, 10, '2018-11-29 01:12:22', '2018-11-29 01:12:22'),
(45, 1, 9, '2018-11-29 04:09:52', '2018-11-29 04:09:52'),
(47, 16, 10, '2018-12-03 05:41:49', '2018-12-03 05:41:49'),
(61, 15, 10, '2018-12-06 02:35:04', '2018-12-06 02:35:04');

-- --------------------------------------------------------

--
-- Table structure for table `membership_plan`
--

CREATE TABLE `membership_plan` (
  `id` int(11) UNSIGNED NOT NULL,
  `name` varchar(191) CHARACTER SET utf8mb4 COLLATE utf8mb4_unicode_ci DEFAULT NULL,
  `code` varchar(191) CHARACTER SET utf8mb4 COLLATE utf8mb4_unicode_ci DEFAULT NULL,
  `price` decimal(10,2) DEFAULT NULL,
  `status` varchar(191) CHARACTER SET utf8mb4 COLLATE utf8mb4_unicode_ci DEFAULT NULL,
  `created_at` timestamp NULL DEFAULT NULL,
  `updated_at` timestamp NULL DEFAULT NULL,
  `deleted_at` timestamp NULL DEFAULT NULL
) ENGINE=InnoDB DEFAULT CHARSET=latin1;

--
-- Dumping data for table `membership_plan`
--

INSERT INTO `membership_plan` (`id`, `name`, `code`, `price`, `status`, `created_at`, `updated_at`, `deleted_at`) VALUES
(1, 'Free', 'free', '0.00', 'active', '2018-10-21 23:13:11', '2018-10-21 23:13:11', NULL),
(2, 'Premium', 'premium', '100.00', 'active', '2018-10-21 23:13:11', '2018-10-21 23:13:11', NULL),
(3, 'Propmotion', 'promotion', '150.00', 'inactive', '2018-10-22 04:37:22', '2018-10-22 04:42:53', '2018-10-22 04:42:53');

-- --------------------------------------------------------

--
-- Table structure for table `migrations`
--

CREATE TABLE `migrations` (
  `id` int(10) UNSIGNED NOT NULL,
  `migration` varchar(191) COLLATE utf8mb4_unicode_ci NOT NULL,
  `batch` int(11) NOT NULL
) ENGINE=InnoDB DEFAULT CHARSET=utf8mb4 COLLATE=utf8mb4_unicode_ci;

--
-- Dumping data for table `migrations`
--

INSERT INTO `migrations` (`id`, `migration`, `batch`) VALUES
(1, '2014_10_12_000000_create_users_table', 1),
(2, '2014_10_12_100000_create_password_resets_table', 1),
(3, '2018_10_11_111619_create_permission_tables', 1),
(4, '2016_07_29_171118_create_chatter_categories_table', 2),
(5, '2016_07_29_171118_create_chatter_discussion_table', 2),
(6, '2016_07_29_171118_create_chatter_post_table', 2),
(7, '2016_07_29_171128_create_foreign_keys', 2),
(8, '2016_08_02_183143_add_slug_field_for_discussions', 2),
(9, '2016_08_03_121747_add_color_row_to_chatter_discussions', 2),
(10, '2017_01_16_121747_add_markdown_and_lock_to_chatter_posts', 2),
(11, '2017_01_16_121747_create_chatter_user_discussion_pivot_table', 2),
(12, '2017_08_07_165345_add_chatter_soft_deletes', 2),
(13, '2017_10_10_221227_add_chatter_last_reply_at_discussion', 2);

-- --------------------------------------------------------

--
-- Table structure for table `model_has_permissions`
--

CREATE TABLE `model_has_permissions` (
  `permission_id` int(10) UNSIGNED NOT NULL,
  `model_type` varchar(191) COLLATE utf8mb4_unicode_ci NOT NULL,
  `model_id` bigint(20) UNSIGNED NOT NULL
) ENGINE=InnoDB DEFAULT CHARSET=utf8mb4 COLLATE=utf8mb4_unicode_ci;

--
-- Dumping data for table `model_has_permissions`
--

INSERT INTO `model_has_permissions` (`permission_id`, `model_type`, `model_id`) VALUES
(6, 'App\\User', 5),
(6, 'App\\User', 7),
(6, 'App\\User', 8),
(6, 'App\\User', 9),
(6, 'App\\User', 10),
(6, 'App\\User', 11),
(6, 'App\\User', 12),
(16, 'App\\User', 8),
(16, 'App\\User', 9),
(16, 'App\\User', 10),
(16, 'App\\User', 11),
(16, 'App\\User', 12),
(17, 'App\\User', 7),
(18, 'App\\User', 7),
(19, 'App\\User', 7),
(20, 'App\\User', 7),
(21, 'App\\User', 7),
(22, 'App\\User', 7),
(23, 'App\\User', 8),
(23, 'App\\User', 9),
(23, 'App\\User', 10),
(23, 'App\\User', 11),
(23, 'App\\User', 12);

-- --------------------------------------------------------

--
-- Table structure for table `model_has_roles`
--

CREATE TABLE `model_has_roles` (
  `role_id` int(10) UNSIGNED NOT NULL,
  `model_type` varchar(191) COLLATE utf8mb4_unicode_ci NOT NULL,
  `model_id` bigint(20) UNSIGNED NOT NULL
) ENGINE=InnoDB DEFAULT CHARSET=utf8mb4 COLLATE=utf8mb4_unicode_ci;

--
-- Dumping data for table `model_has_roles`
--

INSERT INTO `model_has_roles` (`role_id`, `model_type`, `model_id`) VALUES
(7, 'App\\User', 5),
(8, 'App\\User', 6),
(9, 'App\\User', 9),
(9, 'App\\User', 10),
(9, 'App\\User', 13),
(9, 'App\\User', 14),
(9, 'App\\User', 16),
(10, 'App\\User', 1),
(10, 'App\\User', 8),
(10, 'App\\User', 11),
(10, 'App\\User', 12),
(10, 'App\\User', 15);

-- --------------------------------------------------------

--
-- Table structure for table `password_resets`
--

CREATE TABLE `password_resets` (
  `email` varchar(191) COLLATE utf8mb4_unicode_ci NOT NULL,
  `token` varchar(191) COLLATE utf8mb4_unicode_ci NOT NULL,
  `created_at` timestamp NULL DEFAULT NULL
) ENGINE=InnoDB DEFAULT CHARSET=utf8mb4 COLLATE=utf8mb4_unicode_ci;

-- --------------------------------------------------------

--
-- Table structure for table `permissions`
--

CREATE TABLE `permissions` (
  `id` int(10) UNSIGNED NOT NULL,
  `name` varchar(191) COLLATE utf8mb4_unicode_ci NOT NULL,
  `guard_name` varchar(191) COLLATE utf8mb4_unicode_ci NOT NULL,
  `created_at` timestamp NULL DEFAULT NULL,
  `updated_at` timestamp NULL DEFAULT NULL
) ENGINE=InnoDB DEFAULT CHARSET=utf8mb4 COLLATE=utf8mb4_unicode_ci;

--
-- Dumping data for table `permissions`
--

INSERT INTO `permissions` (`id`, `name`, `guard_name`, `created_at`, `updated_at`) VALUES
(6, 'Settings', 'web', '2018-10-13 08:44:41', '2018-10-13 08:44:41'),
(8, 'User Rigths', 'web', '2018-10-15 02:57:20', '2018-10-15 02:57:20'),
(9, 'User Managment', 'web', '2018-10-15 03:05:17', '2018-10-15 03:05:17'),
(10, 'Edit Post', 'web', '2018-10-15 05:24:52', '2018-10-15 05:24:52'),
(11, 'Edit Member', 'web', '2018-10-15 05:25:11', '2018-10-22 08:23:56'),
(12, 'Create Report', 'web', '2018-10-15 05:25:28', '2018-10-15 05:25:28'),
(13, 'Edit Content', 'web', '2018-10-15 05:26:00', '2018-10-15 05:26:00'),
(14, 'Add Content', 'web', '2018-10-15 05:26:08', '2018-10-15 05:26:08'),
(15, 'Create Newsletter', 'web', '2018-10-15 05:26:33', '2018-10-15 05:26:33'),
(16, 'Share Talent Post', 'web', '2018-10-15 05:27:55', '2018-10-15 05:27:55'),
(17, 'Share Post', 'web', '2018-10-15 05:31:32', '2018-10-15 05:31:32'),
(18, 'Share Vedios', 'web', '2018-10-15 05:31:43', '2018-10-15 05:31:43'),
(19, 'Upload Vedio', 'web', '2018-10-15 05:34:33', '2018-10-15 05:34:33'),
(20, 'Upload Article', 'web', '2018-10-15 05:34:47', '2018-10-15 05:34:47'),
(21, 'Upload Photo', 'web', '2018-10-15 05:35:15', '2018-10-15 05:35:15'),
(22, 'Manage Calender', 'web', '2018-10-15 05:36:01', '2018-10-15 05:36:01'),
(23, 'Follow Talent', 'web', '2018-10-15 05:40:16', '2018-10-15 05:40:16'),
(24, 'Membership Managment', 'web', '2018-10-22 08:25:03', '2018-10-22 08:25:03');

-- --------------------------------------------------------

--
-- Table structure for table `posts`
--

CREATE TABLE `posts` (
  `id` int(11) UNSIGNED NOT NULL,
  `user_id` int(11) UNSIGNED DEFAULT NULL,
  `post_category_id` int(11) UNSIGNED DEFAULT NULL,
  `post_type` varchar(191) CHARACTER SET utf8mb4 COLLATE utf8mb4_unicode_ci DEFAULT NULL,
  `title` varchar(191) CHARACTER SET utf8mb4 COLLATE utf8mb4_unicode_ci DEFAULT NULL,
  `description` longblob,
  `image` varchar(191) CHARACTER SET utf8mb4 COLLATE utf8mb4_unicode_ci DEFAULT NULL,
  `status` varchar(191) CHARACTER SET utf8mb4 COLLATE utf8mb4_unicode_ci DEFAULT NULL,
  `created_at` timestamp NULL DEFAULT NULL,
  `updated_at` timestamp NULL DEFAULT NULL,
  `deleted_at` timestamp NULL DEFAULT NULL
) ENGINE=InnoDB DEFAULT CHARSET=latin1;

--
-- Dumping data for table `posts`
--

INSERT INTO `posts` (`id`, `user_id`, `post_category_id`, `post_type`, `title`, `description`, `image`, `status`, `created_at`, `updated_at`, `deleted_at`) VALUES
(3, 5, 1, 'text', 'Engr Nazir', 0x3c703e3c646976207374796c653d226d617267696e3a203070782032382e373936397078203070782031342e3339303670783b2070616464696e673a203070783b2077696474683a203433362e37393770783b20746578742d616c69676e3a206c6566743b20666c6f61743a2072696768743b20636f6c6f723a2072676228302c20302c2030293b20666f6e742d66616d696c793a20224f70656e2053616e73222c20417269616c2c2073616e732d73657269663b20666f6e742d73697a653a20313470783b20666f6e742d7374796c653a206e6f726d616c3b20666f6e742d76617269616e742d6c69676174757265733a206e6f726d616c3b20666f6e742d76617269616e742d636170733a206e6f726d616c3b20666f6e742d7765696768743a203430303b206c65747465722d73706163696e673a206e6f726d616c3b206f727068616e733a20323b20746578742d696e64656e743a203070783b20746578742d7472616e73666f726d3a206e6f6e653b2077686974652d73706163653a206e6f726d616c3b207769646f77733a20323b20776f72642d73706163696e673a203070783b202d7765626b69742d746578742d7374726f6b652d77696474683a203070783b206261636b67726f756e642d636f6c6f723a20726762283235352c203235352c20323535293b20746578742d6465636f726174696f6e2d7374796c653a20696e697469616c3b20746578742d6465636f726174696f6e2d636f6c6f723a20696e697469616c3b223e3c2f6469763e3c2f703e3c646976207374796c653d226d617267696e3a203070782031342e333930367078203070782032382e3739363970783b2070616464696e673a203070783b2077696474683a203433362e37393770783b20746578742d616c69676e3a206c6566743b20666c6f61743a206c6566743b20636f6c6f723a2072676228302c20302c2030293b20666f6e742d66616d696c793a20224f70656e2053616e73222c20417269616c2c2073616e732d73657269663b20666f6e742d73697a653a20313470783b20666f6e742d7374796c653a206e6f726d616c3b20666f6e742d76617269616e742d6c69676174757265733a206e6f726d616c3b20666f6e742d76617269616e742d636170733a206e6f726d616c3b20666f6e742d7765696768743a203430303b206c65747465722d73706163696e673a206e6f726d616c3b206f727068616e733a20323b20746578742d696e64656e743a203070783b20746578742d7472616e73666f726d3a206e6f6e653b2077686974652d73706163653a206e6f726d616c3b207769646f77733a20323b20776f72642d73706163696e673a203070783b202d7765626b69742d746578742d7374726f6b652d77696474683a203070783b206261636b67726f756e642d636f6c6f723a20726762283235352c203235352c20323535293b20746578742d6465636f726174696f6e2d7374796c653a20696e697469616c3b20746578742d6465636f726174696f6e2d636f6c6f723a20696e697469616c3b223e3c70207374796c653d226d617267696e3a203070782030707820313570783b2070616464696e673a203070783b20746578742d616c69676e3a206a7573746966793b223e3c7374726f6e67207374796c653d226d617267696e3a203070783b2070616464696e673a203070783b223e4c6f72656d20497073756d3c2f7374726f6e673e3c7370616e3ea03c2f7370616e3e69732073696d706c792064756d6d792074657874206f6620746865207072696e74696e6720616e64207479706573657474696e6720696e6475737472792e204c6f72656d20497073756d20686173206265656e2074686520696e6475737472792773207374616e646172642064756d6d79207465787420657665722073696e6365207468652031353030732c207768656e20616e20756e6b6e6f776e207072696e74657220746f6f6b20612067616c6c6579206f66207479706520616e6420736372616d626c656420697420746f206d616b65206120747970652073706563696d656e20626f6f6b2e20497420686173207375727669766564206e6f74206f6e6c7920666976652063656e7475726965732c2062757420616c736f20746865206c65617020696e746f20656c656374726f6e6963207479706573657474696e672c2072656d61696e696e6720657373656e7469616c6c7920756e6368616e6765642e2049742077617320706f70756c61726973656420696e207468652031393630732077697468207468652072656c65617365206f66204c657472617365742073686565747320636f6e7461696e696e67204c6f72656d20497073756d2070617373616765732c20616e64206d6f726520726563656e746c792077697468206465736b746f70207075626c697368696e6720736f667477617265206c696b6520416c64757320506167654d616b657220696e636c7564696e672076657273696f6e73206f66204c6f72656d20497073756d2e3c2f703e3c2f6469763e, 'FiHeo789yaEYtdX8ffkOoslMnwL0nZh9DxuV0y63.jpeg', 'active', '2018-10-19 09:09:08', '2018-11-14 00:42:01', '2018-11-14 00:42:01'),
(4, 5, 3, 'text', NULL, 0x3c703e4c6f7665206d65206c696b6520796f7520646f2e2e2e3c2f703e, NULL, 'inactive', '2018-11-15 01:00:04', '2018-11-28 08:04:07', NULL),
(5, 9, 4, 'image', NULL, NULL, NULL, 'active', '2018-11-15 01:13:53', '2018-11-15 01:13:53', NULL),
(6, 9, 4, 'vedio', NULL, NULL, NULL, 'active', '2018-11-15 01:14:29', '2018-11-15 01:14:29', NULL),
(7, 9, 1, 'text', NULL, 0x3c70207374796c653d226d617267696e2d626f74746f6d3a20313570783b2070616464696e673a203070783b20746578742d616c69676e3a206a7573746966793b20636f6c6f723a2072676228302c20302c2030293b20666f6e742d66616d696c793a202671756f743b4f70656e2053616e732671756f743b2c20417269616c2c2073616e732d73657269663b223e49742069732061206c6f6e672065737461626c6973686564206661637420746861742061207265616465722077696c6c206265206469737472616374656420627920746865207265616461626c6520636f6e74656e74206f6620612070616765207768656e206c6f6f6b696e6720617420697473206c61796f75742e2054686520706f696e74206f66207573696e67204c6f72656d20497073756d2069732074686174206974206861732061206d6f72652d6f722d6c657373206e6f726d616c20646973747269627574696f6e206f66206c6574746572732c206173206f70706f73656420746f207573696e672027436f6e74656e7420686572652c20636f6e74656e742068657265272c206d616b696e67206974206c6f6f6b206c696b65207265616461626c6520456e676c6973682e204d616e79206465736b746f70207075626c697368696e67207061636b6167657320616e6420776562207061676520656469746f7273206e6f7720757365204c6f72656d20497073756d2061732074686569722064656661756c74206d6f64656c20746578742c20616e6420612073656172636820666f7220276c6f72656d20697073756d272077696c6c20756e636f766572206d616e7920776562207369746573207374696c6c20696e20746865697220696e66616e63792e20566172696f75732076657273696f6e7320686176652065766f6c766564206f766572207468652079656172732c20736f6d6574696d6573206279206163636964656e742c20736f6d6574696d6573206f6e20707572706f73652028696e6a65637465642068756d6f757220616e6420746865206c696b65292e3c2f703e3c6469763e3c62723e3c2f6469763e, NULL, 'active', '2018-11-15 01:15:35', '2018-11-19 03:33:37', NULL),
(8, 9, 4, 'image', NULL, NULL, NULL, 'active', '2018-11-15 08:51:09', '2018-11-15 08:51:09', NULL),
(9, 9, 4, 'vedio', NULL, NULL, NULL, 'active', '2018-11-16 05:08:38', '2018-11-16 05:08:38', NULL),
(10, 9, 4, 'vedio', NULL, NULL, NULL, 'active', '2018-11-16 05:27:17', '2018-11-16 05:27:17', NULL),
(11, 9, 4, 'vedio', NULL, NULL, NULL, 'active', '2018-11-16 05:30:25', '2018-11-16 05:30:25', NULL),
(12, 9, 4, 'text', NULL, 0x3c703e5061662069732074686520373c7370616e207374796c653d22706f736974696f6e3a2072656c61746976653b20666f6e742d73697a653a2031302e3570783b206c696e652d6865696768743a20303b20766572746963616c2d616c69676e3a20626173656c696e653b20746f703a202d302e35656d3b223e74683c7370616e207374796c653d22666f6e742d73697a653a20372e38373570783b223e266e6273703b3c2f7370616e3e3c2f7370616e3e266e6273703b206c6172676573742061697220666f72636520696e2074686520776f726c64204e6f7720636f756e746564206173206f6e65206f6620746865206d6f737420616e64206469736369706c696e652061697220666f72636520696e2074686520776f726c643c62723e3c2f703e, NULL, 'active', '2018-11-16 07:26:18', '2018-11-16 07:33:45', '2018-11-16 07:33:45'),
(13, 9, 3, 'text', NULL, 0x3c703e50616b697374616e2061697220666f726365206973206f6e65206f6620746865206d6f7374206469736369706c696e6520616e642077656c6c20747261696e65642061697220666f72636520696e2074686520776f726c643c2f703e, NULL, 'active', '2018-11-16 07:35:06', '2018-11-19 03:33:49', NULL),
(17, 9, 4, 'vedio', NULL, NULL, NULL, 'active', '2018-11-16 07:48:31', '2018-11-16 07:48:31', NULL),
(18, 9, 4, 'vedio', NULL, NULL, NULL, 'active', '2018-11-16 07:51:28', '2018-11-16 07:51:28', NULL),
(19, 10, 4, 'text', NULL, 0x3c703e3c7370616e207374796c653d22636f6c6f723a207267622833342c2033342c203334293b20666f6e742d66616d696c793a2073616e732d73657269663b223e546865266e6273703b3c2f7370616e3e3c62207374796c653d22636f6c6f723a207267622833342c2033342c203334293b20666f6e742d66616d696c793a2073616e732d73657269663b223e50616b697374616e2041697220466f7263652028504146293c2f623e3c7370616e207374796c653d22636f6c6f723a207267622833342c2033342c203334293b20666f6e742d66616d696c793a2073616e732d73657269663b223e266e6273703b283c2f7370616e3e3c6120687265663d2268747470733a2f2f656e2e77696b6970656469612e6f72672f77696b692f557264755f6c616e67756167652220636c6173733d226d772d726564697265637422207469746c653d2255726475206c616e677561676522207374796c653d22636f6c6f723a207267622831312c20302c20313238293b206261636b67726f756e642d696d6167653a206e6f6e653b206261636b67726f756e642d636f6c6f723a20726762283235352c203235352c20323535293b20666f6e742d66616d696c793a2073616e732d73657269663b223e557264753c2f613e3c7370616e207374796c653d22636f6c6f723a207267622833342c2033342c203334293b20666f6e742d66616d696c793a2073616e732d73657269663b223e3a266e6273703b3c2f7370616e3e3c7370616e206c616e673d22757222206469723d2272746c22207374796c653d22636f6c6f723a207267622833342c2033342c203334293b20666f6e742d66616d696c793a2073616e732d73657269663b223e3c7370616e20636c6173733d224e617374616c697122206469723d2272746c22207469746c653d224e617374616c697122207374796c653d22666f6e742d66616d696c793a202671756f743b4a616d65656c204e6f6f7269204e617374616c6565712671756f743b2c202671756f743b55726475205479706573657474696e672671756f743b2c202671756f743b4e6f746f204e617374616c697120557264752671756f743b2c202671756f743b4e6f746f204e617374616c697120557264752044726166742671756f743b2c202671756f743b4875737361696e69204e617374616c6565712671756f743b2c202671756f743b416c51616c616d2054616a204e617374616c6565712671756f743b2c204972616e4e617374616c69712c202671756f743b4177616d69204e617374616c69712671756f743b2c202671756f743b4177616d69204e617374616c69712042657461332671756f743b2c202671756f743b4177616d69204e617374616c69712042657461322671756f743b2c202671756f743b4177616d69204e617374616c69712042657461312671756f743b2c202671756f743b4e6166656573204e617374616c6565712671756f743b2c202671756f743b4e6166656573204e617374616c6565712076312e30312671756f743b2c202671756f743b50616b204e617374616c6565712671756f743b2c2050444d535f4a61756861722c202671756f743b416c7669204c61686f7269204e617374616c6565712671756f743b3b20666f6e742d73697a653a2031372e3570783b223e3c623ed9bed8a7daa920d981d990d8b6d8a7d8a6db8cdb813c2f623e3c2f7370616e3ee280ac3c2f7370616e3e3c7370616e207374796c653d22636f6c6f723a207267622833342c2033342c203334293b20666f6e742d66616d696c793a2073616e732d73657269663b223ee2808ee280943c693e266e6273703b3c2f693e3c2f7370616e3e3c6120687265663d2268747470733a2f2f656e2e77696b6970656469612e6f72672f77696b692f5265706f7274696e675f6e616d652220636c6173733d226d772d726564697265637422207469746c653d225265706f7274696e67206e616d6522207374796c653d22636f6c6f723a207267622831312c20302c20313238293b206261636b67726f756e642d696d6167653a206e6f6e653b206261636b67726f756e642d636f6c6f723a20726762283235352c203235352c20323535293b20666f6e742d66616d696c793a2073616e732d73657269663b223e7265706f7274696e67206e616d653a3c2f613e3c7370616e207374796c653d22636f6c6f723a207267622833342c2033342c203334293b20666f6e742d66616d696c793a2073616e732d73657269663b223e266e6273703b3c2f7370616e3e3c62207374796c653d22636f6c6f723a207267622833342c2033342c203334293b20666f6e742d66616d696c793a2073616e732d73657269663b223e5041463c2f623e3c7370616e207374796c653d22636f6c6f723a207267622833342c2033342c203334293b20666f6e742d66616d696c793a2073616e732d73657269663b223e2920697320746865266e6273703b3c2f7370616e3e3c6120687265663d2268747470733a2f2f656e2e77696b6970656469612e6f72672f77696b692f41657269616c5f7761726661726522207469746c653d2241657269616c207761726661726522207374796c653d22636f6c6f723a207267622831312c20302c20313238293b206261636b67726f756e642d696d6167653a206e6f6e653b206261636b67726f756e642d636f6c6f723a20726762283235352c203235352c20323535293b20666f6e742d66616d696c793a2073616e732d73657269663b223e61657269616c20776172666172653c2f613e3c7370616e207374796c653d22636f6c6f723a207267622833342c2033342c203334293b20666f6e742d66616d696c793a2073616e732d73657269663b223e266e6273703b6272616e6368206f6620746865266e6273703b3c2f7370616e3e3c6120687265663d2268747470733a2f2f656e2e77696b6970656469612e6f72672f77696b692f50616b697374616e5f41726d65645f466f7263657322207469746c653d2250616b697374616e2041726d656420466f7263657322207374796c653d22636f6c6f723a207267622831312c20302c20313238293b206261636b67726f756e642d696d6167653a206e6f6e653b206261636b67726f756e642d636f6c6f723a20726762283235352c203235352c20323535293b20666f6e742d66616d696c793a2073616e732d73657269663b223e50616b697374616e2041726d656420466f726365733c2f613e3c7370616e207374796c653d22636f6c6f723a207267622833342c2033342c203334293b20666f6e742d66616d696c793a2073616e732d73657269663b223e2c207461736b6564207072696d6172696c792077697468207468652061657269616c20646566656e6365206f66266e6273703b3c2f7370616e3e3c6120687265663d2268747470733a2f2f656e2e77696b6970656469612e6f72672f77696b692f50616b697374616e22207469746c653d2250616b697374616e22207374796c653d22636f6c6f723a207267622831312c20302c20313238293b206261636b67726f756e642d696d6167653a206e6f6e653b206261636b67726f756e642d636f6c6f723a20726762283235352c203235352c20323535293b20666f6e742d66616d696c793a2073616e732d73657269663b223e50616b697374616e3c2f613e3c7370616e207374796c653d22636f6c6f723a207267622833342c2033342c203334293b20666f6e742d66616d696c793a2073616e732d73657269663b223e2c20776974682061207365636f6e6461727920726f6c65206f662070726f766964696e672061697220737570706f727420746f20746865266e6273703b3c2f7370616e3e3c6120687265663d2268747470733a2f2f656e2e77696b6970656469612e6f72672f77696b692f50616b697374616e5f41726d7922207469746c653d2250616b697374616e2041726d7922207374796c653d22636f6c6f723a207267622831312c20302c20313238293b206261636b67726f756e642d696d6167653a206e6f6e653b206261636b67726f756e642d636f6c6f723a20726762283235352c203235352c20323535293b20666f6e742d66616d696c793a2073616e732d73657269663b223e50616b697374616e2041726d793c2f613e3c7370616e207374796c653d22636f6c6f723a207267622833342c2033342c203334293b20666f6e742d66616d696c793a2073616e732d73657269663b223e266e6273703b616e6420746865266e6273703b3c2f7370616e3e3c6120687265663d2268747470733a2f2f656e2e77696b6970656469612e6f72672f77696b692f50616b697374616e5f4e61767922207469746c653d2250616b697374616e204e61767922207374796c653d22636f6c6f723a207267622831312c20302c20313238293b206261636b67726f756e642d696d6167653a206e6f6e653b206261636b67726f756e642d636f6c6f723a20726762283235352c203235352c20323535293b20666f6e742d66616d696c793a2073616e732d73657269663b223e50616b697374616e204e6176793c2f613e3c7370616e207374796c653d22636f6c6f723a207267622833342c2033342c203334293b20666f6e742d66616d696c793a2073616e732d73657269663b223e2e205468652050414620686173206120746572746961727920726f6c65206f662070726f766964696e672073747261746567696320616972207472616e73706f727420616e64206c6f67697374696373206361706162696c69747920746f2050616b697374616e2e204173206f6620323031372c2070657220494953532c2074686520504146206861732037302c30303020706572736f6e6e656c3c2f7370616e3e3c62723e3c2f703e, NULL, 'active', '2018-11-17 02:31:05', '2018-11-30 02:11:40', NULL),
(20, 10, 4, 'image', NULL, NULL, NULL, 'active', '2018-11-17 02:31:41', '2018-11-17 02:31:41', NULL),
(21, 10, 4, 'vedio', NULL, NULL, NULL, 'active', '2018-11-17 02:32:18', '2018-11-17 02:32:18', NULL),
(22, 13, 4, 'vedio', NULL, NULL, NULL, 'active', '2018-12-03 00:33:19', '2018-12-03 00:33:19', NULL),
(23, 13, 4, 'vedio', NULL, NULL, NULL, 'active', '2018-12-03 00:34:21', '2018-12-03 00:34:21', NULL),
(24, 13, 4, 'image', NULL, NULL, NULL, 'active', '2018-12-03 00:35:04', '2018-12-03 00:35:04', NULL),
(25, 13, 4, 'vedio', NULL, NULL, NULL, 'active', '2018-12-03 00:52:36', '2018-12-03 00:52:36', NULL),
(26, 13, 3, 'text', NULL, 0x3c703e73616466647366646173667364666473667361646664736673646664736673643c2f703e, NULL, 'active', '2018-12-05 03:32:21', '2018-12-05 03:32:21', NULL),
(30, 16, 4, 'vedio', NULL, NULL, NULL, 'active', '2018-12-06 03:30:54', '2018-12-06 03:30:54', NULL),
(31, 16, 4, 'vedio', NULL, NULL, NULL, 'active', '2018-12-06 03:32:05', '2018-12-06 03:32:05', NULL),
(32, 16, 4, 'image', NULL, NULL, NULL, 'active', '2018-12-06 03:53:11', '2018-12-06 03:53:11', NULL),
(33, 16, 4, 'vedio', NULL, NULL, NULL, 'active', '2018-12-06 03:58:56', '2018-12-06 03:58:56', NULL),
(34, 16, 4, 'vedio', NULL, NULL, NULL, 'active', '2018-12-06 04:00:02', '2018-12-06 04:00:02', NULL),
(35, 16, 4, 'text', NULL, 0x3c64697620636c6173733d226e6f64655465787422207374796c653d226d617267696e3a20313070782032357078203130707820353670783b2070616464696e673a203070783b20636f6c6f723a207267622832352c2032352c203235293b20666f6e742d73697a653a203070783b206261636b67726f756e642d636f6c6f723a20726762283234382c203234382c20323438293b223e3c683320636c6173733d226e6f64655469746c6522207374796c653d226d617267696e3a203070783b2070616464696e673a203070783b20666f6e742d73697a653a20313570783b20666f6e742d7765696768743a20626f6c643b223e3c6120687265663d2268747470733a2f2f646566656e63652e706b2f7064662f666f72756d732f6d656d626572732d696e74726f64756374696f6e2e34322f2220646174612d6465736372697074696f6e3d22236e6f64654465736372697074696f6e2d343222207374796c653d22636f6c6f723a207267622834362c203132352c203530293b223e4d656d6265727320496e74726f64756374696f6e3c2f613e3c2f68333e3c64697620636c6173733d226e6f64655374617473207061697273496e6c696e6522207374796c653d226d617267696e3a2032707820307078203070783b2070616464696e673a20327078203070783b206f766572666c6f773a2068696464656e3b207a6f6f6d3a20313b20666f6e742d73697a653a20313370783b223e3c646c20636c6173733d2278624e6f646544697363757373696f6e22207374796c653d226d617267696e2d72696768743a203370783b206d617267696e2d626f74746f6d3a203070783b206d617267696e2d6c6566743a203070783b2070616464696e673a203070783b20666c6f61743a206c6566743b223e3c6474207374796c653d226d617267696e3a203070783b2070616464696e673a203070783b20636f6c6f723a20726762283131332c203131332c20313133293b20646973706c61793a20696e6c696e653b223e44697363757373696f6e733a3c2f64743e266e6273703b3c6464207374796c653d226d617267696e2d746f703a203070783b206d617267696e2d72696768743a203570783b206d617267696e2d626f74746f6d3a203070783b2070616464696e673a203070783b20646973706c61793a20696e6c696e653b223e3438393c2f64643e3c2f646c3e3c646c20636c6173733d2278624e6f64654d6573736167657322207374796c653d226d617267696e2d72696768743a203370783b206d617267696e2d626f74746f6d3a203070783b206d617267696e2d6c6566743a203070783b2070616464696e673a203070783b20666c6f61743a206c6566743b223e3c6474207374796c653d226d617267696e3a203070783b2070616464696e673a203070783b20636f6c6f723a20726762283131332c203131332c20313133293b20646973706c61793a20696e6c696e653b223e4d657373616765733a3c2f64743e266e6273703b3c6464207374796c653d226d617267696e2d746f703a203070783b206d617267696e2d72696768743a203570783b206d617267696e2d626f74746f6d3a203070783b2070616464696e673a203070783b20646973706c61793a20696e6c696e653b223e392c3538393c2f64643e3c2f646c3e3c2f6469763e3c2f6469763e3c64697620636c6173733d226e6f64654c617374506f7374207365636f6e64617279436f6e74656e7422207374796c653d226d617267696e3a2031307078203070783b2070616464696e673a2033707820313070783b206261636b67726f756e642d636f6c6f723a20726762283234382c203234382c20323438293b20626f726465722d77696474683a203070783b20626f726465722d626f74746f6d2d7374796c653a20736f6c69643b20626f726465722d626f74746f6d2d636f6c6f723a20726762283233302c203233302c20323330293b20666f6e742d73697a653a20313370783b20706f736974696f6e3a207374617469633b20746f703a203070783b2072696768743a203070783b2077686974652d73706163653a206e6f777261703b206f766572666c6f772d777261703a206e6f726d616c3b206f766572666c6f773a2068696464656e3b206c696e652d6865696768743a20312e363b2077696474683a206175746f3b20636f6c6f723a207267622832352c2032352c203235293b223e3c7370616e20636c6173733d226c6173745468726561645469746c6522207374796c653d22746578742d6f766572666c6f773a20656c6c69707369733b206d61782d77696474683a20313030253b20646973706c61793a20626c6f636b3b206f766572666c6f773a2068696464656e3b223e4c61746573743a266e6273703b3c6120687265663d2268747470733a2f2f646566656e63652e706b2f7064662f706f7374732f31303939373734352f22207469746c653d224e657720496e74726f64756374696f6e7322207374796c653d22636f6c6f723a2072676228302c2035312c203531293b20666f6e742d7765696768743a20626f6c643b223e4e657720496e74726f64756374696f6e733c2f613e3c2f7370616e3e3c7370616e20636c6173733d226c6173745468726561644d65746122207374796c653d22646973706c61793a20626c6f636b3b223e3c7370616e20636c6173733d226c61737454687265616455736572223e3c6120687265663d2268747470733a2f2f646566656e63652e706b2f7064662f6d656d626572732f6d2d722d392e3138343735342f2220636c6173733d22757365726e616d6522206469723d226175746f22207374796c653d22636f6c6f723a2072676228302c2035312c203531293b20666f6e742d7765696768743a20626f6c643b223e4d2e522e393c2f613e2c3c2f7370616e3e266e6273703b3c6162627220636c6173733d224461746554696d65206d75746564206c617374546872656164446174652220646174612d6c61746573743d224c61746573743a202220646174612d74696d653d22313534343034353834312220646174612d646966663d2234353038302220646174612d64617465737472696e673d2244656320362c20323031382220646174612d74696d65737472696e673d22323a333720414d22207469746c653d2244656320362c203230313820617420323a333720414d22207374796c653d22626f726465723a203070783b20666f6e742d76617269616e742d6e756d657269633a206e6f726d616c3b20666f6e742d76617269616e742d656173742d617369616e3a206e6f726d616c3b20746578742d6465636f726174696f6e2d6c696e653a206e6f6e653b20746578742d6465636f726174696f6e2d7374796c653a20696e697469616c3b20636f6c6f723a20726762283131332c203131332c20313133293b223e546f64617920617420323a333720414d3c2f616262723e3c2f7370616e3e3c2f6469763e, NULL, 'active', '2018-12-06 05:09:24', '2018-12-06 05:14:10', '2018-12-06 05:14:10'),
(36, 16, 3, 'text', NULL, 0x3c6835207374796c653d226d617267696e3a2031307078203070783b2070616464696e673a203070783b20626f726465723a203070783b20666f6e742d76617269616e742d6e756d657269633a206e6f726d616c3b20666f6e742d76617269616e742d656173742d617369616e3a206e6f726d616c3b20666f6e742d737472657463683a206e6f726d616c3b20666f6e742d73697a653a20313670783b206c696e652d6865696768743a20323070783b20666f6e742d66616d696c793a202671756f743b4f70656e2053616e732671756f743b3b20766572746963616c2d616c69676e3a20626173656c696e653b2077696474683a203639332e38323870783b20636f6c6f723a207267622836382c2036382c203638293b223e5468652050616b697374616e204e61767920436f6d6d697373696f6e7320697473206e65772031372c3030302d746f6e20417578696c6961727920536869703c2f68353e3c70207374796c653d226d617267696e2d626f74746f6d3a20313570783b2070616464696e673a203070783b20626f726465723a203070783b20666f6e742d73697a653a20313370783b20766572746963616c2d616c69676e3a20626173656c696e653b20636f6c6f723a207267622836382c2036382c203638293b20666f6e742d66616d696c793a202671756f743b4f70656e2053616e732671756f743b3b223e4f6e203136204f63746f6265722c207468652050616b697374616e204e6176792028504e2920636f6d6d697373696f6e65642061206e65772031372c3030302d746f6e20617578696c6961727920737570706f7274207368697020616e642074616e6b65722e5b315d3c2f703e3c70207374796c653d226d617267696e2d626f74746f6d3a20313570783b2070616464696e673a203070783b20626f726465723a203070783b20666f6e742d73697a653a20313370783b20766572746963616c2d616c69676e3a20626173656c696e653b20636f6c6f723a207267622836382c2036382c203638293b20666f6e742d66616d696c793a202671756f743b4f70656e2053616e732671756f743b3b223e44657369676e61746564266e6273703b3c656d207374796c653d226d617267696e3a203070783b2070616464696e673a203070783b20626f726465723a203070783b20766572746963616c2d616c69676e3a20626173656c696e653b223e504e53204d6f6177696e3c2f656d3e2c2050616b697374616e20696e6b6564206120636f6e747261637420666f72207468652074616e6b65722066726f6d205475726b6579e280997320536176756e6d612054656b6e6f6c6f6a696c657269204dc3bc68656e6469736c696b20412ec59e2e202853544d2920696e204a616e7561727920323031332e2054686520707269636520776173207265706f727465646c7920243930206d696c6c696f6e2055532e5b325d205072696f7220746f207468697320736869702c20504e53266e6273703b3c656d207374796c653d226d617267696e3a203070783b2070616464696e673a203070783b20626f726465723a203070783b20766572746963616c2d616c69676e3a20626173656c696e653b223e4d6f6177696e3c2f656d3e266e6273703b77617320746865206e616d65206f6620612044757463682d6275696c7420506f6f6c737465722d636c6173732074616e6b657220696e2074686520504e3b2074686973206e65772074616e6b6572206973207265706c6163696e672069742e3c2f703e3c70207374796c653d226d617267696e2d626f74746f6d3a20313570783b2070616464696e673a203070783b20626f726465723a203070783b20666f6e742d73697a653a20313370783b20766572746963616c2d616c69676e3a20626173656c696e653b20636f6c6f723a207267622836382c2036382c203638293b20666f6e742d66616d696c793a202671756f743b4f70656e2053616e732671756f743b3b223e504e53266e6273703b3c656d207374796c653d226d617267696e3a203070783b2070616464696e673a203070783b20626f726465723a203070783b20766572746963616c2d616c69676e3a20626173656c696e653b223e4d6f6177696ee28099733c2f656d3e266e6273703b737465656c2d63757474696e6720636572656d6f6e7920686164206f63637572726564206174204b6172616368692053686970796172642026616d703b20456e67696e656572696e6720576f726b7320284b5345572920696e204e6f76656d62657220323031332e204b534557206c61696420697473206b65656c20696e204d61726368203230313420616e642c20696e207475726e2c20636f6e73747275637465642074686520736869702062792041756775737420323031362c20617420776869636820706f696e7420746865266e6273703b3c656d207374796c653d226d617267696e3a203070783b2070616464696e673a203070783b20626f726465723a203070783b20766572746963616c2d616c69676e3a20626173656c696e653b223e4d6f6177696e3c2f656d3e266e6273703b776173206c61756e6368656420666f722073656120747269616c732e5b335d20496e20417072696c20323031382c20697420636f6e6475637465642069747320666972737420737572766579206d697373696f6e2e3c2f703e, NULL, 'active', '2018-12-06 05:14:03', '2018-12-06 05:17:46', '2018-12-06 05:17:46'),
(37, 16, 1, 'text', NULL, 0x3c6835207374796c653d226d617267696e3a2031307078203070783b2070616464696e673a203070783b20626f726465723a203070783b20666f6e742d76617269616e742d6e756d657269633a206e6f726d616c3b20666f6e742d76617269616e742d656173742d617369616e3a206e6f726d616c3b20666f6e742d737472657463683a206e6f726d616c3b20666f6e742d73697a653a20313670783b206c696e652d6865696768743a20323070783b20666f6e742d66616d696c793a202671756f743b4f70656e2053616e732671756f743b3b20766572746963616c2d616c69676e3a20626173656c696e653b2077696474683a203639332e38323870783b20636f6c6f723a207267622836382c2036382c203638293b223e50616b697374616ee2809973205369656d656e73204d6f62696c652050756c73652d446f70706c657220526164617220284d5044522920536f6c6469657273204f6e3c2f68353e3c70207374796c653d226d617267696e2d626f74746f6d3a20313570783b2070616464696e673a203070783b20626f726465723a203070783b20666f6e742d73697a653a20313370783b20766572746963616c2d616c69676e3a20626173656c696e653b20636f6c6f723a207267622836382c2036382c203638293b20666f6e742d66616d696c793a202671756f743b4f70656e2053616e732671756f743b3b223e4261736564206f6e206120736572696573206f662074656e646572732072656c656173656420696e2053657074656d62657220616e64204f63746f6265722c2069742069732065766964656e742074686174207468652050616b697374616e2041697220466f726365202850414629206973207374696c6c207573696e6720697473205369656d656e73204d6f62696c652050756c73652d446f70706c65722052616461727320284d50445229e280a65b385d5b395d266e6273703b5b66756c6c2061727469636c6520617661696c61626c6520746f2051757761205072656d69756d207375627363726962657273266e6273703b3c6120687265663d2268747470733a2f2f717577612e6f72672f323031382f31302f32312f70616b697374616e2d646566656e63652d7265766965772d6e6577732d757064617465732f22207374796c653d226d617267696e3a203070783b2070616464696e673a203070783b20626f726465723a203070783b20766572746963616c2d616c69676e3a20626173656c696e653b20636f6c6f723a2072676228302c203137332c20313530293b223e686572653c2f613e5d3c2f703e, NULL, 'active', '2018-12-06 05:16:33', '2018-12-06 05:17:50', '2018-12-06 05:17:50'),
(38, 16, 4, 'image', NULL, NULL, NULL, 'active', '2018-12-06 05:16:55', '2018-12-06 05:16:55', NULL),
(39, 16, 4, 'vedio', NULL, NULL, NULL, 'active', '2018-12-06 05:17:32', '2018-12-06 05:17:32', NULL),
(40, 16, 3, 'text', NULL, 0x3c6835207374796c653d226d617267696e3a2031307078203070783b2070616464696e673a203070783b20626f726465723a203070783b20666f6e742d76617269616e742d6e756d657269633a206e6f726d616c3b20666f6e742d76617269616e742d656173742d617369616e3a206e6f726d616c3b20666f6e742d737472657463683a206e6f726d616c3b20666f6e742d73697a653a20313670783b206c696e652d6865696768743a20323070783b20666f6e742d66616d696c793a202671756f743b4f70656e2053616e732671756f743b3b20766572746963616c2d616c69676e3a20626173656c696e653b2077696474683a203639332e38323870783b20636f6c6f723a207267622836382c2036382c203638293b223e50616b697374616ee2809973205369656d656e73204d6f62696c652050756c73652d446f70706c657220526164617220284d5044522920536f6c6469657273204f6e3c2f68353e3c70207374796c653d226d617267696e2d626f74746f6d3a20313570783b2070616464696e673a203070783b20626f726465723a203070783b20666f6e742d73697a653a20313370783b20766572746963616c2d616c69676e3a20626173656c696e653b20636f6c6f723a207267622836382c2036382c203638293b20666f6e742d66616d696c793a202671756f743b4f70656e2053616e732671756f743b3b223e4261736564206f6e206120736572696573206f662074656e646572732072656c656173656420696e2053657074656d62657220616e64204f63746f6265722c2069742069732065766964656e742074686174207468652050616b697374616e2041697220466f726365202850414629206973207374696c6c207573696e6720697473205369656d656e73204d6f62696c652050756c73652d446f70706c65722052616461727320284d50445229e280a65b385d5b395d266e6273703b5b66756c6c2061727469636c6520617661696c61626c6520746f2051757761205072656d69756d207375627363726962657273266e6273703b3c6120687265663d2268747470733a2f2f717577612e6f72672f323031382f31302f32312f70616b697374616e2d646566656e63652d7265766965772d6e6577732d757064617465732f22207374796c653d226d617267696e3a203070783b2070616464696e673a203070783b20626f726465723a203070783b20766572746963616c2d616c69676e3a20626173656c696e653b20636f6c6f723a2072676228302c203137332c20313530293b223e686572653c2f613e5d3c2f703e, NULL, 'active', '2018-12-06 05:23:35', '2018-12-06 05:25:40', '2018-12-06 05:25:40'),
(41, 16, 1, 'text', NULL, 0x3c6835207374796c653d226d617267696e3a2031307078203070783b2070616464696e673a203070783b20626f726465723a203070783b20666f6e742d76617269616e742d6e756d657269633a206e6f726d616c3b20666f6e742d76617269616e742d656173742d617369616e3a206e6f726d616c3b20666f6e742d737472657463683a206e6f726d616c3b20666f6e742d73697a653a20313670783b206c696e652d6865696768743a20323070783b20666f6e742d66616d696c793a202671756f743b4f70656e2053616e732671756f743b3b20766572746963616c2d616c69676e3a20626173656c696e653b2077696474683a203639332e38323870783b20636f6c6f723a207267622836382c2036382c203638293b223e53656120537061726b20323031383a2050616b697374616e20436f6d6d656e63657320697473204d617271756565204e6176616c2045786572636973653c2f68353e3c70207374796c653d226d617267696e2d626f74746f6d3a20313570783b2070616464696e673a203070783b20626f726465723a203070783b20666f6e742d73697a653a20313370783b20766572746963616c2d616c69676e3a20626173656c696e653b20636f6c6f723a207267622836382c2036382c203638293b20666f6e742d66616d696c793a202671756f743b4f70656e2053616e732671756f743b3b223e4f6e203135204f63746f6265722c207468652050616b697374616e204e61767920696e6974696174656420697473206d617271756565206d61726974696d652065786572636973652c2053656120537061726b20323031382e204163636f7264696e6720746f20612070726573732072656c6561736520627920496e746572205365727669636573205075626c69632052656c6174696f6e73202849535052292c207468652065786572636973652077696c6c207370616e20666f7220e2809c6f7665722074776f206d6f6e746873e2809d20696e20746865204172616269616e2053656120616e642077696c6c20696e766f6c7665207468652050616b697374616e2041726d7920616e642050616b697374616e2041697220466f726365202850414629e280a65b31305d5b66756c6c2061727469636c6520617661696c61626c6520746f2051757761205072656d69756d207375627363726962657273266e6273703b3c6120687265663d2268747470733a2f2f717577612e6f72672f323031382f31302f32312f70616b697374616e2d646566656e63652d7265766965772d6e6577732d757064617465732f22207374796c653d226d617267696e3a203070783b2070616464696e673a203070783b20626f726465723a203070783b20766572746963616c2d616c69676e3a20626173656c696e653b20636f6c6f723a2072676228302c203137332c20313530293b223e686572653c2f613e5d3c2f703e, NULL, 'active', '2018-12-06 05:25:19', '2018-12-06 05:25:37', '2018-12-06 05:25:37'),
(42, 16, 3, 'text', NULL, 0x3c6835207374796c653d226d617267696e3a2031307078203070783b2070616464696e673a203070783b20626f726465723a203070783b20666f6e742d76617269616e742d6e756d657269633a206e6f726d616c3b20666f6e742d76617269616e742d656173742d617369616e3a206e6f726d616c3b20666f6e742d737472657463683a206e6f726d616c3b20666f6e742d73697a653a20313670783b206c696e652d6865696768743a20323070783b20666f6e742d66616d696c793a202671756f743b4f70656e2053616e732671756f743b3b20766572746963616c2d616c69676e3a20626173656c696e653b2077696474683a203639332e38323870783b20636f6c6f723a207267622836382c2036382c203638293b223e50616b697374616ee2809973205369656d656e73204d6f62696c652050756c73652d446f70706c657220526164617220284d5044522920536f6c6469657273204f6e3c2f68353e3c70207374796c653d226d617267696e2d626f74746f6d3a20313570783b2070616464696e673a203070783b20626f726465723a203070783b20666f6e742d73697a653a20313370783b20766572746963616c2d616c69676e3a20626173656c696e653b20636f6c6f723a207267622836382c2036382c203638293b20666f6e742d66616d696c793a202671756f743b4f70656e2053616e732671756f743b3b223e4261736564206f6e206120736572696573206f662074656e646572732072656c656173656420696e2053657074656d62657220616e64204f63746f6265722c2069742069732065766964656e742074686174207468652050616b697374616e2041697220466f726365202850414629206973207374696c6c207573696e6720697473205369656d656e73204d6f62696c652050756c73652d446f70706c65722052616461727320284d50445229e280a65b385d5b395d266e6273703b5b66756c6c2061727469636c6520617661696c61626c6520746f2051757761205072656d69756d207375627363726962657273266e6273703b3c6120687265663d2268747470733a2f2f717577612e6f72672f323031382f31302f32312f70616b697374616e2d646566656e63652d7265766965772d6e6577732d757064617465732f22207374796c653d226d617267696e3a203070783b2070616464696e673a203070783b20626f726465723a203070783b20766572746963616c2d616c69676e3a20626173656c696e653b20636f6c6f723a2072676228302c203137332c20313530293b223e686572653c2f613e5d3c2f703e, NULL, 'active', '2018-12-06 05:26:23', '2018-12-06 05:26:48', '2018-12-06 05:26:48'),
(43, 16, 4, 'text', NULL, 0x3c6835207374796c653d226d617267696e3a2031307078203070783b2070616464696e673a203070783b20626f726465723a203070783b20666f6e742d76617269616e742d6e756d657269633a206e6f726d616c3b20666f6e742d76617269616e742d656173742d617369616e3a206e6f726d616c3b20666f6e742d737472657463683a206e6f726d616c3b20666f6e742d73697a653a20313670783b206c696e652d6865696768743a20323070783b20666f6e742d66616d696c793a202671756f743b4f70656e2053616e732671756f743b3b20766572746963616c2d616c69676e3a20626173656c696e653b2077696474683a203639332e38323870783b20636f6c6f723a207267622836382c2036382c203638293b223e53656120537061726b20323031383a2050616b697374616e20436f6d6d656e63657320697473204d617271756565204e6176616c2045786572636973653c2f68353e3c70207374796c653d226d617267696e2d626f74746f6d3a20313570783b2070616464696e673a203070783b20626f726465723a203070783b20666f6e742d73697a653a20313370783b20766572746963616c2d616c69676e3a20626173656c696e653b20636f6c6f723a207267622836382c2036382c203638293b20666f6e742d66616d696c793a202671756f743b4f70656e2053616e732671756f743b3b223e4f6e203135204f63746f6265722c207468652050616b697374616e204e61767920696e6974696174656420697473206d617271756565206d61726974696d652065786572636973652c2053656120537061726b20323031382e204163636f7264696e6720746f20612070726573732072656c6561736520627920496e746572205365727669636573205075626c69632052656c6174696f6e73202849535052292c207468652065786572636973652077696c6c207370616e20666f7220e2809c6f7665722074776f206d6f6e746873e2809d20696e20746865204172616269616e2053656120616e642077696c6c20696e766f6c7665207468652050616b697374616e2041726d7920616e642050616b697374616e2041697220466f726365202850414629e280a65b31305d5b66756c6c2061727469636c6520617661696c61626c6520746f2051757761205072656d69756d207375627363726962657273266e6273703b3c6120687265663d2268747470733a2f2f717577612e6f72672f323031382f31302f32312f70616b697374616e2d646566656e63652d7265766965772d6e6577732d757064617465732f22207374796c653d226d617267696e3a203070783b2070616464696e673a203070783b20626f726465723a203070783b20766572746963616c2d616c69676e3a20626173656c696e653b20636f6c6f723a2072676228302c203137332c20313530293b223e686572653c2f613e5d3c2f703e, NULL, 'active', '2018-12-06 05:26:35', '2018-12-06 05:26:44', '2018-12-06 05:26:44'),
(44, 16, 3, 'text', NULL, 0x3c6835207374796c653d226d617267696e3a2031307078203070783b2070616464696e673a203070783b20626f726465723a203070783b20666f6e742d76617269616e742d6e756d657269633a206e6f726d616c3b20666f6e742d76617269616e742d656173742d617369616e3a206e6f726d616c3b20666f6e742d737472657463683a206e6f726d616c3b20666f6e742d73697a653a20313670783b206c696e652d6865696768743a20323070783b20666f6e742d66616d696c793a202671756f743b4f70656e2053616e732671756f743b3b20766572746963616c2d616c69676e3a20626173656c696e653b2077696474683a203639332e38323870783b20636f6c6f723a207267622836382c2036382c203638293b223e50616b697374616ee2809973205369656d656e73204d6f62696c652050756c73652d446f70706c657220526164617220284d5044522920536f6c6469657273204f6e3c2f68353e3c70207374796c653d226d617267696e2d626f74746f6d3a20313570783b2070616464696e673a203070783b20626f726465723a203070783b20666f6e742d73697a653a20313370783b20766572746963616c2d616c69676e3a20626173656c696e653b20636f6c6f723a207267622836382c2036382c203638293b20666f6e742d66616d696c793a202671756f743b4f70656e2053616e732671756f743b3b223e4261736564206f6e206120736572696573206f662074656e646572732072656c656173656420696e2053657074656d62657220616e64204f63746f6265722c2069742069732065766964656e742074686174207468652050616b697374616e2041697220466f726365202850414629206973207374696c6c207573696e6720697473205369656d656e73204d6f62696c652050756c73652d446f70706c65722052616461727320284d50445229e280a65b385d5b395d266e6273703b5b66756c6c2061727469636c6520617661696c61626c6520746f2051757761205072656d69756d207375627363726962657273266e6273703b3c6120687265663d2268747470733a2f2f717577612e6f72672f323031382f31302f32312f70616b697374616e2d646566656e63652d7265766965772d6e6577732d757064617465732f22207374796c653d226d617267696e3a203070783b2070616464696e673a203070783b20626f726465723a203070783b20766572746963616c2d616c69676e3a20626173656c696e653b20636f6c6f723a2072676228302c203137332c20313530293b223e686572653c2f613e5d3c2f703e, NULL, 'active', '2018-12-06 05:28:40', '2018-12-06 05:29:17', '2018-12-06 05:29:17'),
(45, 16, 1, 'text', NULL, 0x3c6835207374796c653d226d617267696e3a2031307078203070783b2070616464696e673a203070783b20626f726465723a203070783b20666f6e742d76617269616e742d6e756d657269633a206e6f726d616c3b20666f6e742d76617269616e742d656173742d617369616e3a206e6f726d616c3b20666f6e742d737472657463683a206e6f726d616c3b20666f6e742d73697a653a20313670783b206c696e652d6865696768743a20323070783b20666f6e742d66616d696c793a202671756f743b4f70656e2053616e732671756f743b3b20766572746963616c2d616c69676e3a20626173656c696e653b2077696474683a203639332e38323870783b20636f6c6f723a207267622836382c2036382c203638293b223e53656120537061726b20323031383a2050616b697374616e20436f6d6d656e63657320697473204d617271756565204e6176616c2045786572636973653c2f68353e3c70207374796c653d226d617267696e2d626f74746f6d3a20313570783b2070616464696e673a203070783b20626f726465723a203070783b20666f6e742d73697a653a20313370783b20766572746963616c2d616c69676e3a20626173656c696e653b20636f6c6f723a207267622836382c2036382c203638293b20666f6e742d66616d696c793a202671756f743b4f70656e2053616e732671756f743b3b223e4f6e203135204f63746f6265722c207468652050616b697374616e204e61767920696e6974696174656420697473206d617271756565206d61726974696d652065786572636973652c2053656120537061726b20323031382e204163636f7264696e6720746f20612070726573732072656c6561736520627920496e746572205365727669636573205075626c69632052656c6174696f6e73202849535052292c207468652065786572636973652077696c6c207370616e20666f7220e2809c6f7665722074776f206d6f6e746873e2809d20696e20746865204172616269616e2053656120616e642077696c6c20696e766f6c7665207468652050616b697374616e2041726d7920616e642050616b697374616e2041697220466f726365202850414629e280a65b31305d5b66756c6c2061727469636c6520617661696c61626c6520746f2051757761205072656d69756d207375627363726962657273266e6273703b3c6120687265663d2268747470733a2f2f717577612e6f72672f323031382f31302f32312f70616b697374616e2d646566656e63652d7265766965772d6e6577732d757064617465732f22207374796c653d226d617267696e3a203070783b2070616464696e673a203070783b20626f726465723a203070783b20766572746963616c2d616c69676e3a20626173656c696e653b20636f6c6f723a2072676228302c203137332c20313530293b223e686572653c2f613e5d3c2f703e, NULL, 'active', '2018-12-06 05:29:02', '2018-12-06 05:29:12', '2018-12-06 05:29:12'),
(46, 16, 3, 'text', NULL, 0x3c6835207374796c653d226d617267696e3a2031307078203070783b2070616464696e673a203070783b20626f726465723a203070783b20666f6e742d76617269616e742d6e756d657269633a206e6f726d616c3b20666f6e742d76617269616e742d656173742d617369616e3a206e6f726d616c3b20666f6e742d737472657463683a206e6f726d616c3b20666f6e742d73697a653a20313670783b206c696e652d6865696768743a20323070783b20666f6e742d66616d696c793a202671756f743b4f70656e2053616e732671756f743b3b20766572746963616c2d616c69676e3a20626173656c696e653b2077696474683a203639332e38323870783b20636f6c6f723a207267622836382c2036382c203638293b223e50616b697374616ee2809973205369656d656e73204d6f62696c652050756c73652d446f70706c657220526164617220284d5044522920536f6c6469657273204f6e3c2f68353e3c70207374796c653d226d617267696e2d626f74746f6d3a20313570783b2070616464696e673a203070783b20626f726465723a203070783b20666f6e742d73697a653a20313370783b20766572746963616c2d616c69676e3a20626173656c696e653b20636f6c6f723a207267622836382c2036382c203638293b20666f6e742d66616d696c793a202671756f743b4f70656e2053616e732671756f743b3b223e4261736564206f6e206120736572696573206f662074656e646572732072656c656173656420696e2053657074656d62657220616e64204f63746f6265722c2069742069732065766964656e742074686174207468652050616b697374616e2041697220466f726365202850414629206973207374696c6c207573696e6720697473205369656d656e73204d6f62696c652050756c73652d446f70706c65722052616461727320284d50445229e280a65b385d5b395d266e6273703b5b66756c6c2061727469636c6520617661696c61626c6520746f2051757761205072656d69756d207375627363726962657273266e6273703b3c6120687265663d2268747470733a2f2f717577612e6f72672f323031382f31302f32312f70616b697374616e2d646566656e63652d7265766965772d6e6577732d757064617465732f22207374796c653d226d617267696e3a203070783b2070616464696e673a203070783b20626f726465723a203070783b20766572746963616c2d616c69676e3a20626173656c696e653b20636f6c6f723a2072676228302c203137332c20313530293b223e686572653c2f613e5d3c2f703e, NULL, 'active', '2018-12-06 05:30:30', '2018-12-06 05:30:50', '2018-12-06 05:30:50'),
(47, 16, 3, 'text', NULL, 0x3c6835207374796c653d226d617267696e3a2031307078203070783b2070616464696e673a203070783b20626f726465723a203070783b20666f6e742d76617269616e742d6e756d657269633a206e6f726d616c3b20666f6e742d76617269616e742d656173742d617369616e3a206e6f726d616c3b20666f6e742d737472657463683a206e6f726d616c3b20666f6e742d73697a653a20313670783b206c696e652d6865696768743a20323070783b20666f6e742d66616d696c793a202671756f743b4f70656e2053616e732671756f743b3b20766572746963616c2d616c69676e3a20626173656c696e653b2077696474683a203639332e38323870783b20636f6c6f723a207267622836382c2036382c203638293b223e53656120537061726b20323031383a2050616b697374616e20436f6d6d656e63657320697473204d617271756565204e6176616c2045786572636973653c2f68353e3c70207374796c653d226d617267696e2d626f74746f6d3a20313570783b2070616464696e673a203070783b20626f726465723a203070783b20666f6e742d73697a653a20313370783b20766572746963616c2d616c69676e3a20626173656c696e653b20636f6c6f723a207267622836382c2036382c203638293b20666f6e742d66616d696c793a202671756f743b4f70656e2053616e732671756f743b3b223e4f6e203135204f63746f6265722c207468652050616b697374616e204e61767920696e6974696174656420697473206d617271756565206d61726974696d652065786572636973652c2053656120537061726b20323031382e204163636f7264696e6720746f20612070726573732072656c6561736520627920496e746572205365727669636573205075626c69632052656c6174696f6e73202849535052292c207468652065786572636973652077696c6c207370616e20666f7220e2809c6f7665722074776f206d6f6e746873e2809d20696e20746865204172616269616e2053656120616e642077696c6c20696e766f6c7665207468652050616b697374616e2041726d7920616e642050616b697374616e2041697220466f726365202850414629e280a65b31305d5b66756c6c2061727469636c6520617661696c61626c6520746f2051757761205072656d69756d207375627363726962657273266e6273703b3c6120687265663d2268747470733a2f2f717577612e6f72672f323031382f31302f32312f70616b697374616e2d646566656e63652d7265766965772d6e6577732d757064617465732f22207374796c653d226d617267696e3a203070783b2070616464696e673a203070783b20626f726465723a203070783b20766572746963616c2d616c69676e3a20626173656c696e653b20636f6c6f723a2072676228302c203137332c20313530293b223e686572653c2f613e5d3c2f703e, NULL, 'active', '2018-12-06 05:30:41', '2018-12-06 05:30:47', '2018-12-06 05:30:47'),
(50, 16, 3, 'text', NULL, 0x3c6835207374796c653d226d617267696e3a2031307078203070783b2070616464696e673a203070783b20626f726465723a203070783b20666f6e742d76617269616e742d6e756d657269633a206e6f726d616c3b20666f6e742d76617269616e742d656173742d617369616e3a206e6f726d616c3b20666f6e742d737472657463683a206e6f726d616c3b20666f6e742d73697a653a20313670783b206c696e652d6865696768743a20323070783b20666f6e742d66616d696c793a202671756f743b4f70656e2053616e732671756f743b3b20766572746963616c2d616c69676e3a20626173656c696e653b2077696474683a203639332e38323870783b20636f6c6f723a207267622836382c2036382c203638293b223e54616c6b7320556e6465727761792077697468205475726b657920666f7220e28098536d616c6c2d5363616c65e2809920446566656e6365205075726368617365733c2f68353e3c70207374796c653d226d617267696e2d626f74746f6d3a20313570783b2070616464696e673a203070783b20626f726465723a203070783b20666f6e742d73697a653a20313370783b20766572746963616c2d616c69676e3a20626173656c696e653b20636f6c6f723a207267622836382c2036382c203638293b20666f6e742d66616d696c793a202671756f743b4f70656e2053616e732671756f743b3b223e447572696e672074686520636f6d6d697373696f6e696e6720636572656d6f6e79206f66207468652050616b697374616e204e617679e28099732028504e29206e65772074616e6b65722c2074686520504e53266e6273703b3c656d207374796c653d226d617267696e3a203070783b2070616464696e673a203070783b20626f726465723a203070783b20766572746963616c2d616c69676e3a20626173656c696e653b223e4d6f6177696e3c2f656d3e2c205475726b6579e280997320556e64657273656372657461727920666f7220446566656e636520496e6475737472696573202853534d2920c4b0736d61696c2044656d69722c20616e6e6f756e6365642074686174205475726b657920697320696e2074616c6b7320776974682050616b697374616e20746f2073656c6c20736d616c6c207175616e746974696573206f6620656c656374726f6e6963207761726661726520284557292073797374656d7320616e64206f746865722061726d616d656e74732e5b31315d5b66756c6c2061727469636c6520617661696c61626c6520746f2051757761205072656d69756d207375627363726962657273266e6273703b3c6120687265663d2268747470733a2f2f717577612e6f72672f323031382f31302f32312f70616b697374616e2d646566656e63652d7265766965772d6e6577732d757064617465732f22207374796c653d226d617267696e3a203070783b2070616464696e673a203070783b20626f726465723a203070783b20766572746963616c2d616c69676e3a20626173656c696e653b20636f6c6f723a2072676228302c203137332c20313530293b223e686572653c2f613e5d3c2f703e, NULL, 'active', '2018-12-06 05:43:40', '2018-12-06 05:43:40', NULL),
(51, 16, 4, 'vedio', NULL, NULL, NULL, 'active', '2018-12-06 06:07:26', '2018-12-06 06:07:26', NULL),
(52, 16, 4, 'vedio', NULL, NULL, NULL, 'active', '2018-12-06 06:11:08', '2018-12-06 06:11:08', NULL);

-- --------------------------------------------------------

--
-- Table structure for table `post_category`
--

CREATE TABLE `post_category` (
  `id` int(11) UNSIGNED NOT NULL,
  `name` varchar(191) CHARACTER SET utf8mb4 COLLATE utf8mb4_unicode_ci DEFAULT NULL,
  `description` text,
  `created_at` timestamp NULL DEFAULT NULL,
  `updated_at` timestamp NULL DEFAULT NULL,
  `deleted_at` timestamp NULL DEFAULT NULL
) ENGINE=InnoDB DEFAULT CHARSET=latin1;

--
-- Dumping data for table `post_category`
--

INSERT INTO `post_category` (`id`, `name`, `description`, `created_at`, `updated_at`, `deleted_at`) VALUES
(1, 'Blog post', 'My Blog post category is added..', '2018-10-19 07:14:39', '2018-10-19 07:33:02', NULL),
(3, 'Article', 'Some write about some topic that you have knowledge of it', '2018-10-30 02:59:23', '2018-10-30 02:59:23', NULL),
(4, 'Un categorized', 'It show normal post', '2018-10-30 03:00:04', '2018-10-30 03:00:04', NULL);

-- --------------------------------------------------------

--
-- Table structure for table `post_meta`
--

CREATE TABLE `post_meta` (
  `id` int(10) UNSIGNED NOT NULL,
  `post_id` int(10) UNSIGNED DEFAULT NULL,
  `meta_key` text CHARACTER SET utf8mb4 COLLATE utf8mb4_unicode_ci,
  `meta_value` longtext CHARACTER SET utf8mb4 COLLATE utf8mb4_unicode_ci,
  `created_at` timestamp NULL DEFAULT NULL,
  `updated_at` timestamp NULL DEFAULT NULL,
  `deleted_at` timestamp NULL DEFAULT NULL
) ENGINE=InnoDB DEFAULT CHARSET=latin1;

--
-- Dumping data for table `post_meta`
--

INSERT INTO `post_meta` (`id`, `post_id`, `meta_key`, `meta_value`, `created_at`, `updated_at`, `deleted_at`) VALUES
(1, 5, '9_2018-11-15_images', '[\"1frmsvN2wvfa45T95VGUTDfSIpIm53oWFsDJQHNN.jpeg\",\"ilgvZSN8sgcGM07qDSo2ZMwTrTbOYhk6FmW2JIye.jpeg\"]', '2018-11-15 01:13:53', '2018-11-16 05:11:53', NULL),
(2, 6, '9_2018-11-15_vedio', '{\"title\":\"Imran speech\",\"vedio_type\":\"youtube\",\"vedio_url\":\"https:\\/\\/www.youtube.com\\/watch?v=L1KYCM0uanY\"}', '2018-11-15 01:14:29', '2018-11-19 03:23:32', NULL),
(3, 8, '9_2018-11-15_images', '[\"h3Bs4QqmEqtlo8rct4Hxsz1RGSIfWHo6PbHLZ2PY.jpeg\",\"0JUJcp6fc4c30ntMf4EGReMuwwSLGOxdhDcuuKS3.jpeg\"]', '2018-11-15 08:51:10', '2018-11-16 05:10:46', NULL),
(4, 9, '9_2018-11-16_vedio', '{\"title\":\"Pilot Motivational\",\"vedio_type\":\"youtube\",\"vedio_url\":\"https:\\/\\/www.youtube.com\\/watch?v=vB-1SRcsgXA&list=RDmX9L8IuiwJA&index=25\"}', '2018-11-16 05:08:38', '2018-11-19 03:18:14', NULL),
(5, 10, '9_2018-11-16_vedio', '{\"title\":\"Surgical strikes\",\"vedio_type\":\"dailymotion\",\"vedio_url\":\"https:\\/\\/www.dailymotion.com\\/video\\/x66fvk7\"}', '2018-11-16 05:27:17', '2018-11-19 03:12:52', '2018-11-19 03:12:52'),
(6, 11, '9_2018-11-16_vedio', '{\"title\":\"PIA\",\"vedio_type\":\"dailymotion\",\"vedio_url\":\"https:\\/\\/www.dailymotion.com\\/video\\/x5llahb\"}', '2018-11-16 05:30:25', '2018-11-19 03:15:06', '2018-11-19 03:15:06'),
(10, 17, '9_2018-11-16_vedio', '{\"title\":\"Moulla ya salli\",\"vedio_type\":\"youtube\",\"vedio_url\":\"https:\\/\\/www.youtube.com\\/watch?v=YcP14jZdPO4&list=RDYcP14jZdPO4&start_radio=1\"}', '2018-11-16 07:48:31', '2018-11-19 03:15:58', NULL),
(11, 18, '9_2018-11-16_vedio', '{\"title\":\"Coke Studio\",\"vedio_type\":\"youtube\",\"vedio_url\":\"https:\\/\\/www.youtube.com\\/watch?v=a18py61_F_w&index=3&list=RDYcP14jZdPO4\"}', '2018-11-16 07:51:29', '2018-11-16 07:51:29', NULL),
(12, 20, '10_2018-11-17_images', '[\"wkW1Jx6fZiXH5RLoKmpMnf36u7Uhn6JjnXgnTSvc.jpeg\",\"9u7995pwvy4tuqW3XEmvvnUF1ajgguNl3bKhUbkD.jpeg\"]', '2018-11-17 02:31:41', '2018-11-17 02:31:41', NULL),
(13, 21, '10_2018-11-17_vedio', '{\"title\":\"Lightning Thunder\",\"vedio_type\":\"youtube\",\"vedio_url\":\"https:\\/\\/www.youtube.com\\/watch?v=fKopy74weus&list=RDfKopy74weus&index=1\"}', '2018-11-17 02:32:18', '2018-11-17 02:32:18', NULL),
(14, 22, '13_2018-12-03_vedio', '{\"title\":\"F16\",\"vedio_type\":\"youtube\",\"vedio_url\":\"https:\\/\\/www.youtube.com\\/watch?v=gh4QpLR0Ffg\"}', '2018-12-03 00:33:19', '2018-12-03 00:33:45', '2018-12-03 00:33:45'),
(15, 23, '13_2018-12-03_vedio', '{\"title\":\"Mirage 2000\",\"vedio_type\":\"youtube\",\"vedio_url\":\"https:\\/\\/www.youtube.com\\/watch?v=HEe3xfWfkG8\"}', '2018-12-03 00:34:21', '2018-12-03 00:34:21', NULL),
(16, 24, '13_2018-12-03_images', '[\"rtqUVYZwTCGhXfEGefYUB85p05E64hJSCG0F1IoZ.jpeg\"]', '2018-12-03 00:35:04', '2018-12-03 00:35:04', NULL),
(17, 25, '13_2018-12-03_vedio', '{\"title\":\"Shivering\",\"vedio_type\":\"vimeo\",\"vedio_url\":\"https:\\/\\/vimeo.com\\/303380455\"}', '2018-12-03 00:52:36', '2018-12-03 00:52:36', NULL),
(21, 30, '16_2018-12-06_vedio', '{\"title\":\"Nusr Missile\",\"vedio_type\":\"youtube\",\"vedio_url\":\"https:\\/\\/www.youtube.com\\/watch?v=31716hgSuto\"}', '2018-12-06 03:30:54', '2018-12-06 03:31:40', '2018-12-06 03:31:40'),
(22, 31, '16_2018-12-06_vedio', '{\"title\":\"Nusr Missile\",\"vedio_type\":\"youtube\",\"vedio_url\":\"https:\\/\\/www.youtube.com\\/watch?v=31716hgSuto\"}', '2018-12-06 03:32:06', '2018-12-06 03:34:52', '2018-12-06 03:34:52'),
(23, 32, '16_2018-12-06_images', '[\"Df2Kcr6sUnEBZnjTi1rOw93BNVtjoonJ8y5fy1We.jpeg\",\"NQahbOgLNauHdLeXoy8nIKWfu90bklJIKR84V2yL.jpeg\"]', '2018-12-06 03:53:11', '2018-12-06 03:53:11', NULL),
(24, 33, '16_2018-12-06_vedio', '{\"title\":\"French Air Force\",\"vedio_type\":\"youtube\",\"vedio_url\":\"https:\\/\\/www.youtube.com\\/watch?v=9SYZIJeKR7I\"}', '2018-12-06 03:58:56', '2018-12-06 03:58:56', NULL),
(25, 34, '16_2018-12-06_vedio', '{\"title\":\"JF 17 thunder\",\"vedio_type\":\"youtube\",\"vedio_url\":\"https:\\/\\/www.youtube.com\\/watch?v=aDIXwFKKmHk\"}', '2018-12-06 04:00:02', '2018-12-06 05:17:07', '2018-12-06 05:17:07'),
(26, 38, '16_2018-12-06_images', '[\"3BWy4sjjX5NNr7A8xDqJlKPrne0sSLjkeeKMbTz1.jpeg\",\"OAzJj52cWUcDaoAH1GqTEibzoy4Z4sQZjhAnnCaW.jpeg\"]', '2018-12-06 05:16:55', '2018-12-06 05:16:55', NULL),
(27, 39, '16_2018-12-06_vedio', '{\"title\":\"JF 17 Thunder\",\"vedio_type\":\"youtube\",\"vedio_url\":\"https:\\/\\/www.youtube.com\\/watch?v=aDIXwFKKmHk\"}', '2018-12-06 05:17:32', '2018-12-06 05:17:32', NULL),
(30, 51, '16_2018-12-06_vedio', '{\"title\":\"JF 17 thunder\",\"vedio_type\":\"youtube\",\"vedio_url\":\"https:\\/\\/www.youtube.com\\/watch?v=8Sk7wPLa_qg\"}', '2018-12-06 06:07:26', '2018-12-06 06:07:26', NULL),
(31, 52, '16_2018-12-06_vedio', '{\"title\":\"WWE Live\",\"vedio_type\":\"youtube\",\"vedio_url\":\"https:\\/\\/www.youtube.com\\/watch?v=wJnBTPUQS5A\"}', '2018-12-06 06:11:08', '2018-12-06 06:11:24', NULL);

-- --------------------------------------------------------

--
-- Table structure for table `roles`
--

CREATE TABLE `roles` (
  `id` int(10) UNSIGNED NOT NULL,
  `name` varchar(191) COLLATE utf8mb4_unicode_ci NOT NULL,
  `guard_name` varchar(191) COLLATE utf8mb4_unicode_ci NOT NULL,
  `created_at` timestamp NULL DEFAULT NULL,
  `updated_at` timestamp NULL DEFAULT NULL
) ENGINE=InnoDB DEFAULT CHARSET=utf8mb4 COLLATE=utf8mb4_unicode_ci;

--
-- Dumping data for table `roles`
--

INSERT INTO `roles` (`id`, `name`, `guard_name`, `created_at`, `updated_at`) VALUES
(7, 'Admin', 'web', '2018-10-15 00:22:11', '2018-10-15 00:22:11'),
(8, 'Web Master', 'web', '2018-10-15 00:31:51', '2018-10-15 05:23:58'),
(9, 'Talents', 'web', '2018-10-15 05:29:58', '2018-10-15 05:29:58'),
(10, 'Fans', 'web', '2018-10-15 05:41:53', '2018-10-15 05:41:53');

-- --------------------------------------------------------

--
-- Table structure for table `role_has_permissions`
--

CREATE TABLE `role_has_permissions` (
  `permission_id` int(10) UNSIGNED NOT NULL,
  `role_id` int(10) UNSIGNED NOT NULL
) ENGINE=InnoDB DEFAULT CHARSET=utf8mb4 COLLATE=utf8mb4_unicode_ci;

--
-- Dumping data for table `role_has_permissions`
--

INSERT INTO `role_has_permissions` (`permission_id`, `role_id`) VALUES
(6, 7),
(6, 8),
(6, 9),
(6, 10),
(8, 7),
(9, 7),
(10, 8),
(13, 8),
(14, 8),
(15, 8),
(16, 10),
(17, 9),
(18, 9),
(19, 9),
(20, 9),
(21, 9),
(22, 9),
(23, 10),
(24, 7);

-- --------------------------------------------------------

--
-- Table structure for table `subscription`
--

CREATE TABLE `subscription` (
  `id` int(11) NOT NULL,
  `code` varchar(191) CHARACTER SET utf8mb4 COLLATE utf8mb4_unicode_ci DEFAULT NULL,
  `user_id` int(10) UNSIGNED DEFAULT NULL,
  `membership_id` int(11) UNSIGNED DEFAULT NULL,
  `status` varchar(191) CHARACTER SET utf8mb4 COLLATE utf8mb4_unicode_ci DEFAULT NULL,
  `renewal_date` date DEFAULT NULL,
  `renewed_date` date DEFAULT NULL,
  `created_at` timestamp NULL DEFAULT NULL,
  `updated_at` timestamp NULL DEFAULT NULL,
  `deleted_at` timestamp NULL DEFAULT NULL
) ENGINE=InnoDB DEFAULT CHARSET=latin1;

--
-- Dumping data for table `subscription`
--

INSERT INTO `subscription` (`id`, `code`, `user_id`, `membership_id`, `status`, `renewal_date`, `renewed_date`, `created_at`, `updated_at`, `deleted_at`) VALUES
(3, 'premium', 9, 2, 'active', '2018-12-01', '2018-12-08', '2018-11-14 06:11:42', '2018-11-14 06:11:42', NULL),
(4, 'premium', 13, 2, 'active', '2018-12-01', '2018-12-04', '2018-12-01 03:16:25', '2018-12-01 03:54:46', NULL),
(5, 'premium', 14, 2, 'active', '2018-12-01', '2018-12-02', '2018-12-01 05:17:27', '2018-12-01 05:18:27', NULL),
(6, 'premium', 15, 2, 'active', '2018-12-01', '2018-12-01', '2018-12-01 05:22:41', '2018-12-01 07:42:45', '2018-12-01 07:42:45'),
(7, 'premium', 16, 2, 'active', '2018-12-03', '2019-02-03', '2018-12-03 06:14:20', '2018-12-03 06:47:34', NULL);

-- --------------------------------------------------------

--
-- Table structure for table `subscription_orders`
--

CREATE TABLE `subscription_orders` (
  `id` int(11) NOT NULL,
  `user_id` int(11) DEFAULT NULL,
  `subscription_plan_id` int(11) NOT NULL,
  `transaction_id` longtext,
  `amount` double(10,2) DEFAULT NULL,
  `status` varchar(191) CHARACTER SET utf8mb4 COLLATE utf8mb4_unicode_ci DEFAULT NULL,
  `created_at` timestamp NOT NULL DEFAULT CURRENT_TIMESTAMP,
  `updated_at` timestamp NULL DEFAULT NULL ON UPDATE CURRENT_TIMESTAMP
) ENGINE=InnoDB DEFAULT CHARSET=latin1;

--
-- Dumping data for table `subscription_orders`
--

INSERT INTO `subscription_orders` (`id`, `user_id`, `subscription_plan_id`, `transaction_id`, `amount`, `status`, `created_at`, `updated_at`) VALUES
(1, 9, 3, 'EC-2K705522NB319033W', 100.00, 'paid', '2018-11-20 05:53:02', '2018-11-28 06:23:28'),
(2, 13, 4, 'EC-9ES3051844095882M', 100.00, 'paid', '2018-12-01 03:53:33', '2018-12-01 03:54:46'),
(3, 14, 5, 'EC-9AF01303NT685954M', 100.00, 'paid', '2018-12-01 05:17:43', '2018-12-01 05:18:27'),
(4, 15, 6, 'EC-81D17688AG2309549', 100.00, 'paid', '2018-12-01 05:23:00', '2018-12-01 05:23:22'),
(8, 16, 7, 'EC-919433473B102892W', 100.00, 'paid', '2018-12-03 06:14:20', '2018-12-03 06:15:22'),
(11, 16, 7, 'EC-0SL97293TM761253H', 100.00, 'paid', '2018-12-03 06:47:03', '2018-12-03 06:47:34');

-- --------------------------------------------------------

--
-- Table structure for table `users`
--

CREATE TABLE `users` (
  `id` int(10) UNSIGNED NOT NULL,
  `name` varchar(191) COLLATE utf8mb4_unicode_ci NOT NULL,
  `email` varchar(191) COLLATE utf8mb4_unicode_ci NOT NULL,
  `phone` varchar(15) COLLATE utf8mb4_unicode_ci DEFAULT NULL,
  `status` varchar(191) COLLATE utf8mb4_unicode_ci DEFAULT NULL,
  `image` varchar(191) COLLATE utf8mb4_unicode_ci DEFAULT NULL,
  `plan_code` varchar(191) COLLATE utf8mb4_unicode_ci DEFAULT NULL,
  `password` varchar(191) COLLATE utf8mb4_unicode_ci NOT NULL,
  `token` longtext COLLATE utf8mb4_unicode_ci,
  `reset_password` tinyint(10) UNSIGNED NOT NULL DEFAULT '0',
  `remember_token` varchar(100) COLLATE utf8mb4_unicode_ci DEFAULT NULL,
  `created_at` timestamp NULL DEFAULT NULL,
  `updated_at` timestamp NULL DEFAULT NULL,
  `deleted_at` timestamp NULL DEFAULT NULL
) ENGINE=InnoDB DEFAULT CHARSET=utf8mb4 COLLATE=utf8mb4_unicode_ci;

--
-- Dumping data for table `users`
--

INSERT INTO `users` (`id`, `name`, `email`, `phone`, `status`, `image`, `plan_code`, `password`, `token`, `reset_password`, `remember_token`, `created_at`, `updated_at`, `deleted_at`) VALUES
(1, 'Tony Lea', 'tony@gmail.com', '03340217136', 'active', NULL, 'free', '$2y$10$kHVCTCY2eeqpHM.Nh99L5eomlL9CNyos0r0URmiGGH0NWSGBJG79y', NULL, 0, '7xULKzpOrbvGqhch6GGUTvASEQSqpsgdictQIkmy7lEVlJ4swW2mnyCrMnfh', '2016-07-29 10:13:02', '2016-08-18 09:33:50', NULL),
(5, 'Administrator', 'test@gmail.com', '03452430905', 'admin', '88Y1xmODHsOt7wMrrbyCVjlobKPn77UaCyQvTq90.jpeg', NULL, '$2y$10$WLM9GagHzkV6bhiJ2KBRG.ebVInWB5VwtKztk2jH4KoUXtcb.2mIy', NULL, 0, '6canbJZluQNDDPyV4ksbCkLMld72OLvLYpzgCqWAEsU5rnMiKjLwX2mds5Vp', '2018-10-15 01:30:29', '2018-11-24 06:18:43', NULL),
(6, 'Moiz Rehman', 'moiz.rehman@stallyons.com', '03357854789', 'active', 'FdVtX4ndg5Ae6wGX8uEsxN4KVWMnluq3ZVY99xcl.jpg', 'free', '$2y$10$Gv8wI8cKZ/9yW7TS.oMuheu.L1kjAVlHsYPaC21AlRohyTmVLGoau', NULL, 0, 'jOqVU1oahnkfgW96NIK7mEhffyypSXzkJufktamrJqu8mNlw2KJGrXTDGLq9', '2018-10-15 02:13:46', '2018-10-22 07:08:42', NULL),
(9, 'Peterson', 'stallyons.test@gmail.com', '03452430905', 'active', 'v76iZD6MKT1X1TIM2W6b7nx0YQiCI5pje2QYjPZ1.jpeg', 'premium', '$2y$10$5bdHpPiVfGCA3VieQ/8uf.lhLBd5al3BRS.Mb2F2oY.b04ZMGLcRG', NULL, 0, 'GejdHEhTKbDygPRDybugI8gBY0dVfrRhFw5NSvtxbjdymuoYe8BUWtkP4mCA', '2018-11-14 06:11:41', '2018-11-28 02:20:44', NULL),
(10, 'John Doe', 'johndoe@yahoo.com', '03340217136', 'active', 'iIXMYTPBBP9nnehGi9M4u74mp7pI3RXtf7i170qP.jpeg', 'premium', '$2y$10$WLM9GagHzkV6bhiJ2KBRG.ebVInWB5VwtKztk2jH4KoUXtcb.2mIy', NULL, 0, 'p5sjxcBkaocAnItLL08vkPT1gQrNI75vMl9QclypBE9cQYqQfIBcQ4zFHonP', '2018-11-14 06:12:53', '2018-11-17 02:23:36', NULL),
(11, 'Syed Nazir Hussain', 'syed.nazir@stallyons.com', '03422361422', 'active', '54ccbUQM3gsQMZ6wrCXYlu3wTEhfgPg8T3wXekSy.jpeg', 'free', '$2y$10$kHVCTCY2eeqpHM.Nh99L5eomlL9CNyos0r0URmiGGH0NWSGBJG79y', NULL, 0, 'MCKpDPhrXcTqQLK2VlJbqPXnULSuM4moTtWHL9uXw2l2DmC8iQVVoocD5u0U', '2018-11-17 04:48:11', '2018-12-01 05:27:40', NULL),
(13, 'Programmer', 'programmer@gmail.com', '03331281128', 'active', 'bKXDUUgvChtKUiGr8zNJknEkCyXxb1YaJnkFxPyA.jpeg', 'premium', '$2y$10$C5MtOFbu2/6fhvIwxl1VuOH5LEI/1uUXanwGrjQrr.xtyNmHU6..u', NULL, 0, 'xOpURbtS5RO3NzXMs4V5IBdTX39o7dJxPvClW2QRuZsdmd2b9OUzlETzSD9R', '2018-12-01 03:15:26', '2018-12-03 00:31:23', NULL),
(14, 'Ali Akmal', 'aliakmal@gmail.com', '03340217136', 'active', 'default.png', 'premium', '$2y$10$dWqpMKKPhh3P0I6DQ6fwKu4Ht3QnqQo/EZf84bKOb1W8Qv8JhpI7K', NULL, 0, 'XwbFUVj3Ru53wO4gquPpHmY4lq6h3nxvPnvaq5G7aRe43kvHPzYAJeBapDcs', '2018-12-01 05:16:55', '2018-12-01 05:18:27', NULL),
(15, 'Imran Nazir', 'imran@gmail.com', '03422361422', 'active', 'arRxuteHKtwMKhrnNKuChSoFUNz0ouyyQEIUxmw1.jpeg', 'free', '$2y$10$irLY3kFQyFTWP3b2Ivzwh.9MhmbhyK5w05Ic2a0Qb/BH1WS6d7SGq', NULL, 0, 'W4q0vpaFIBT73K0reJdtnnJ96fVYI7I2aUGhhfICxGiB0YzD9spBSHdnFBBy', '2018-12-01 05:22:29', '2018-12-01 07:42:45', NULL),
(16, 'Sherjeel', 'syednazir13@gmail.com', '03452430905', 'active', 'default.png', 'premium', '$2y$10$wSZ96VlFnDuoA5fgGNOV8eZqXk8JvVZ5Vdk95Ccx/pCP1lR0Q91hW', NULL, 0, 'EajGvFaKFUkAfivTSoDxzHNzhVOjMryNPDkes7H2cXeofeC3Om6ZYDTJIp6a', '2018-12-01 05:41:04', '2018-12-03 06:15:22', NULL);

--
-- Indexes for dumped tables
--

--
-- Indexes for table `additional_info`
--
ALTER TABLE `additional_info`
  ADD PRIMARY KEY (`id`),
  ADD KEY `user_id` (`user_id`);

--
-- Indexes for table `chatter_categories`
--
ALTER TABLE `chatter_categories`
  ADD PRIMARY KEY (`id`);

--
-- Indexes for table `chatter_discussion`
--
ALTER TABLE `chatter_discussion`
  ADD PRIMARY KEY (`id`),
  ADD UNIQUE KEY `chatter_discussion_slug_unique` (`slug`),
  ADD KEY `chatter_discussion_chatter_category_id_foreign` (`chatter_category_id`),
  ADD KEY `chatter_discussion_user_id_foreign` (`user_id`);

--
-- Indexes for table `chatter_post`
--
ALTER TABLE `chatter_post`
  ADD PRIMARY KEY (`id`),
  ADD KEY `chatter_post_chatter_discussion_id_foreign` (`chatter_discussion_id`),
  ADD KEY `chatter_post_user_id_foreign` (`user_id`);

--
-- Indexes for table `chatter_user_discussion`
--
ALTER TABLE `chatter_user_discussion`
  ADD PRIMARY KEY (`user_id`,`discussion_id`),
  ADD KEY `chatter_user_discussion_user_id_index` (`user_id`),
  ADD KEY `chatter_user_discussion_discussion_id_index` (`discussion_id`);

--
-- Indexes for table `events`
--
ALTER TABLE `events`
  ADD PRIMARY KEY (`id`);

--
-- Indexes for table `follow`
--
ALTER TABLE `follow`
  ADD PRIMARY KEY (`id`),
  ADD KEY `follower_id` (`follower_id`),
  ADD KEY `followed_id` (`followed_id`);

--
-- Indexes for table `membership_plan`
--
ALTER TABLE `membership_plan`
  ADD PRIMARY KEY (`id`),
  ADD UNIQUE KEY `code` (`code`);

--
-- Indexes for table `migrations`
--
ALTER TABLE `migrations`
  ADD PRIMARY KEY (`id`);

--
-- Indexes for table `model_has_permissions`
--
ALTER TABLE `model_has_permissions`
  ADD PRIMARY KEY (`permission_id`,`model_id`,`model_type`),
  ADD KEY `model_has_permissions_model_id_model_type_index` (`model_id`,`model_type`);

--
-- Indexes for table `model_has_roles`
--
ALTER TABLE `model_has_roles`
  ADD PRIMARY KEY (`role_id`,`model_id`,`model_type`),
  ADD KEY `model_has_roles_model_id_model_type_index` (`model_id`,`model_type`);

--
-- Indexes for table `password_resets`
--
ALTER TABLE `password_resets`
  ADD KEY `password_resets_email_index` (`email`);

--
-- Indexes for table `permissions`
--
ALTER TABLE `permissions`
  ADD PRIMARY KEY (`id`);

--
-- Indexes for table `posts`
--
ALTER TABLE `posts`
  ADD PRIMARY KEY (`id`),
  ADD KEY `user_id` (`user_id`),
  ADD KEY `post_category_id` (`post_category_id`);

--
-- Indexes for table `post_category`
--
ALTER TABLE `post_category`
  ADD PRIMARY KEY (`id`);

--
-- Indexes for table `post_meta`
--
ALTER TABLE `post_meta`
  ADD PRIMARY KEY (`id`),
  ADD KEY `post_id` (`post_id`);

--
-- Indexes for table `roles`
--
ALTER TABLE `roles`
  ADD PRIMARY KEY (`id`);

--
-- Indexes for table `role_has_permissions`
--
ALTER TABLE `role_has_permissions`
  ADD PRIMARY KEY (`permission_id`,`role_id`),
  ADD KEY `role_has_permissions_role_id_foreign` (`role_id`);

--
-- Indexes for table `subscription`
--
ALTER TABLE `subscription`
  ADD PRIMARY KEY (`id`),
  ADD KEY `user_id` (`user_id`),
  ADD KEY `plan_code` (`code`),
  ADD KEY `membership_id` (`membership_id`);

--
-- Indexes for table `subscription_orders`
--
ALTER TABLE `subscription_orders`
  ADD PRIMARY KEY (`id`);

--
-- Indexes for table `users`
--
ALTER TABLE `users`
  ADD PRIMARY KEY (`id`),
  ADD KEY `plan_code` (`plan_code`);

--
-- AUTO_INCREMENT for dumped tables
--

--
-- AUTO_INCREMENT for table `additional_info`
--
ALTER TABLE `additional_info`
  MODIFY `id` int(11) UNSIGNED NOT NULL AUTO_INCREMENT, AUTO_INCREMENT=12;

--
-- AUTO_INCREMENT for table `chatter_categories`
--
ALTER TABLE `chatter_categories`
  MODIFY `id` int(10) UNSIGNED NOT NULL AUTO_INCREMENT, AUTO_INCREMENT=9;

--
-- AUTO_INCREMENT for table `chatter_discussion`
--
ALTER TABLE `chatter_discussion`
  MODIFY `id` int(10) UNSIGNED NOT NULL AUTO_INCREMENT, AUTO_INCREMENT=14;

--
-- AUTO_INCREMENT for table `chatter_post`
--
ALTER TABLE `chatter_post`
  MODIFY `id` int(10) UNSIGNED NOT NULL AUTO_INCREMENT, AUTO_INCREMENT=16;

--
-- AUTO_INCREMENT for table `events`
--
ALTER TABLE `events`
  MODIFY `id` int(11) UNSIGNED NOT NULL AUTO_INCREMENT, AUTO_INCREMENT=19;

--
-- AUTO_INCREMENT for table `follow`
--
ALTER TABLE `follow`
  MODIFY `id` int(11) UNSIGNED NOT NULL AUTO_INCREMENT, AUTO_INCREMENT=62;

--
-- AUTO_INCREMENT for table `membership_plan`
--
ALTER TABLE `membership_plan`
  MODIFY `id` int(11) UNSIGNED NOT NULL AUTO_INCREMENT, AUTO_INCREMENT=4;

--
-- AUTO_INCREMENT for table `migrations`
--
ALTER TABLE `migrations`
  MODIFY `id` int(10) UNSIGNED NOT NULL AUTO_INCREMENT, AUTO_INCREMENT=14;

--
-- AUTO_INCREMENT for table `permissions`
--
ALTER TABLE `permissions`
  MODIFY `id` int(10) UNSIGNED NOT NULL AUTO_INCREMENT, AUTO_INCREMENT=25;

--
-- AUTO_INCREMENT for table `posts`
--
ALTER TABLE `posts`
  MODIFY `id` int(11) UNSIGNED NOT NULL AUTO_INCREMENT, AUTO_INCREMENT=53;

--
-- AUTO_INCREMENT for table `post_category`
--
ALTER TABLE `post_category`
  MODIFY `id` int(11) UNSIGNED NOT NULL AUTO_INCREMENT, AUTO_INCREMENT=5;

--
-- AUTO_INCREMENT for table `post_meta`
--
ALTER TABLE `post_meta`
  MODIFY `id` int(10) UNSIGNED NOT NULL AUTO_INCREMENT, AUTO_INCREMENT=32;

--
-- AUTO_INCREMENT for table `roles`
--
ALTER TABLE `roles`
  MODIFY `id` int(10) UNSIGNED NOT NULL AUTO_INCREMENT, AUTO_INCREMENT=11;

--
-- AUTO_INCREMENT for table `subscription`
--
ALTER TABLE `subscription`
  MODIFY `id` int(11) NOT NULL AUTO_INCREMENT, AUTO_INCREMENT=8;

--
-- AUTO_INCREMENT for table `subscription_orders`
--
ALTER TABLE `subscription_orders`
  MODIFY `id` int(11) NOT NULL AUTO_INCREMENT, AUTO_INCREMENT=12;

--
-- AUTO_INCREMENT for table `users`
--
ALTER TABLE `users`
  MODIFY `id` int(10) UNSIGNED NOT NULL AUTO_INCREMENT, AUTO_INCREMENT=17;

--
-- Constraints for dumped tables
--

--
-- Constraints for table `additional_info`
--
ALTER TABLE `additional_info`
  ADD CONSTRAINT `additional_info_ibfk_1` FOREIGN KEY (`user_id`) REFERENCES `users` (`id`) ON DELETE CASCADE ON UPDATE CASCADE;

--
-- Constraints for table `chatter_discussion`
--
ALTER TABLE `chatter_discussion`
  ADD CONSTRAINT `chatter_discussion_chatter_category_id_foreign` FOREIGN KEY (`chatter_category_id`) REFERENCES `chatter_categories` (`id`) ON DELETE CASCADE ON UPDATE CASCADE,
  ADD CONSTRAINT `chatter_discussion_user_id_foreign` FOREIGN KEY (`user_id`) REFERENCES `users` (`id`) ON DELETE CASCADE ON UPDATE CASCADE;

--
-- Constraints for table `chatter_post`
--
ALTER TABLE `chatter_post`
  ADD CONSTRAINT `chatter_post_chatter_discussion_id_foreign` FOREIGN KEY (`chatter_discussion_id`) REFERENCES `chatter_discussion` (`id`) ON DELETE CASCADE ON UPDATE CASCADE,
  ADD CONSTRAINT `chatter_post_user_id_foreign` FOREIGN KEY (`user_id`) REFERENCES `users` (`id`) ON DELETE CASCADE ON UPDATE CASCADE;

--
-- Constraints for table `chatter_user_discussion`
--
ALTER TABLE `chatter_user_discussion`
  ADD CONSTRAINT `chatter_user_discussion_discussion_id_foreign` FOREIGN KEY (`discussion_id`) REFERENCES `chatter_discussion` (`id`) ON DELETE CASCADE,
  ADD CONSTRAINT `chatter_user_discussion_user_id_foreign` FOREIGN KEY (`user_id`) REFERENCES `users` (`id`) ON DELETE CASCADE;

--
-- Constraints for table `follow`
--
ALTER TABLE `follow`
  ADD CONSTRAINT `follow_ibfk_1` FOREIGN KEY (`follower_id`) REFERENCES `users` (`id`) ON DELETE CASCADE ON UPDATE CASCADE,
  ADD CONSTRAINT `follow_ibfk_2` FOREIGN KEY (`followed_id`) REFERENCES `users` (`id`) ON DELETE CASCADE ON UPDATE CASCADE;

--
-- Constraints for table `model_has_permissions`
--
ALTER TABLE `model_has_permissions`
  ADD CONSTRAINT `model_has_permissions_permission_id_foreign` FOREIGN KEY (`permission_id`) REFERENCES `permissions` (`id`) ON DELETE CASCADE;

--
-- Constraints for table `model_has_roles`
--
ALTER TABLE `model_has_roles`
  ADD CONSTRAINT `model_has_roles_role_id_foreign` FOREIGN KEY (`role_id`) REFERENCES `roles` (`id`) ON DELETE CASCADE;

--
-- Constraints for table `posts`
--
ALTER TABLE `posts`
  ADD CONSTRAINT `posts_ibfk_1` FOREIGN KEY (`user_id`) REFERENCES `users` (`id`) ON DELETE CASCADE ON UPDATE CASCADE,
  ADD CONSTRAINT `posts_ibfk_2` FOREIGN KEY (`post_category_id`) REFERENCES `post_category` (`id`) ON DELETE CASCADE ON UPDATE CASCADE;

--
-- Constraints for table `post_meta`
--
ALTER TABLE `post_meta`
  ADD CONSTRAINT `post_meta_ibfk_1` FOREIGN KEY (`post_id`) REFERENCES `posts` (`id`) ON DELETE CASCADE ON UPDATE CASCADE;

--
-- Constraints for table `role_has_permissions`
--
ALTER TABLE `role_has_permissions`
  ADD CONSTRAINT `role_has_permissions_permission_id_foreign` FOREIGN KEY (`permission_id`) REFERENCES `permissions` (`id`) ON DELETE CASCADE,
  ADD CONSTRAINT `role_has_permissions_role_id_foreign` FOREIGN KEY (`role_id`) REFERENCES `roles` (`id`) ON DELETE CASCADE;

--
-- Constraints for table `subscription`
--
ALTER TABLE `subscription`
  ADD CONSTRAINT `subscription_ibfk_1` FOREIGN KEY (`user_id`) REFERENCES `users` (`id`) ON DELETE CASCADE ON UPDATE CASCADE,
  ADD CONSTRAINT `subscription_ibfk_2` FOREIGN KEY (`membership_id`) REFERENCES `membership_plan` (`id`) ON DELETE CASCADE ON UPDATE CASCADE;

--
-- Constraints for table `users`
--
ALTER TABLE `users`
  ADD CONSTRAINT `users_ibfk_1` FOREIGN KEY (`plan_code`) REFERENCES `membership_plan` (`code`) ON DELETE CASCADE ON UPDATE CASCADE;
COMMIT;

/*!40101 SET CHARACTER_SET_CLIENT=@OLD_CHARACTER_SET_CLIENT */;
/*!40101 SET CHARACTER_SET_RESULTS=@OLD_CHARACTER_SET_RESULTS */;
/*!40101 SET COLLATION_CONNECTION=@OLD_COLLATION_CONNECTION */;
